This is pdfTeX, Version 3.141592653-2.6-1.40.29 (TeX Live 2026/Arch Linux) (preloaded format=pdflatex 2026.5.31)  3 JUN 2026 05:38
entering extended mode
 restricted \write18 enabled.
 file:line:error style messages enabled.
 %&-line parsing enabled.
**/home/VM/User/Learning/Program/Current/Thesis/Writing/Thesis_draft/thesis_draft/thesis.tex
(/home/VM/User/Learning/Program/Current/Thesis/Writing/Thesis_draft/thesis_draft/thesis.tex
LaTeX2e <2025-11-01>
L3 programming layer <2026-01-19>
(/usr/share/texmf-dist/tex/latex/extsizes/extreport.cls
Document Class: extreport 1996/10/08 v1.0 Non Standard LaTeX document class
(/usr/share/texmf-dist/tex/latex/extsizes/size14.clo
File: size14.clo 1999/11/11 v1.4a NON-Standard LaTeX file (size option)
) (/usr/share/texmf-dist/tex/latex/base/exscale.sty
Package: exscale 2025/06/05 v2.1i Standard LaTeX package exscale
LaTeX Font Info:    Redeclaring symbol font `largesymbols' on input line 57.
LaTeX Font Info:    Overwriting symbol font `largesymbols' in version `normal'
(Font)                  OMX/cmex/m/n --> OMX/cmex/m/n on input line 57.
LaTeX Font Info:    Overwriting symbol font `largesymbols' in version `bold'
(Font)                  OMX/cmex/m/n --> OMX/cmex/m/n on input line 57.
\big@size=\dimen148
)
\c@part=\count275
\c@chapter=\count276
\c@section=\count277
\c@subsection=\count278
\c@subsubsection=\count279
\c@paragraph=\count280
\c@subparagraph=\count281
\c@figure=\count282
\c@table=\count283
\abovecaptionskip=\skip49
\belowcaptionskip=\skip50
\bibindent=\dimen149
) (/usr/share/texmf-dist/tex/latex/tempora/tempora.sty
Package: tempora 2016/02/02 (msharpe) Style file for Tempora.
 (/usr/share/texmf-dist/tex/latex/base/fontenc.sty
Package: fontenc 2025/07/18 v2.1d Standard LaTeX package
 (/usr/share/texmf-dist/tex/latex/cyrillic/ot2enc.def
File: ot2enc.def 2022/06/11 v3.3b Cyrillic encoding definition file
Now handling font encoding OT2 ...
... processing UTF-8 mapping file for font encoding OT2
 (/usr/share/texmf-dist/tex/latex/base/ot2enc.dfu
File: ot2enc.dfu 2022/06/07 v1.3c UTF-8 support
   defining Unicode char U+00AB (decimal 171)
   defining Unicode char U+00BB (decimal 187)
   defining Unicode char U+0131 (decimal 305)
   defining Unicode char U+0237 (decimal 567)
   defining Unicode char U+0400 (decimal 1024)
   defining Unicode char U+0401 (decimal 1025)
   defining Unicode char U+0402 (decimal 1026)
   defining Unicode char U+0403 (decimal 1027)
   defining Unicode char U+0404 (decimal 1028)
   defining Unicode char U+0405 (decimal 1029)
   defining Unicode char U+0406 (decimal 1030)
   defining Unicode char U+0408 (decimal 1032)
   defining Unicode char U+0409 (decimal 1033)
   defining Unicode char U+040A (decimal 1034)
   defining Unicode char U+040B (decimal 1035)
   defining Unicode char U+040C (decimal 1036)
   defining Unicode char U+040D (decimal 1037)
   defining Unicode char U+040F (decimal 1039)
   defining Unicode char U+0410 (decimal 1040)
   defining Unicode char U+0411 (decimal 1041)
   defining Unicode char U+0412 (decimal 1042)
   defining Unicode char U+0413 (decimal 1043)
   defining Unicode char U+0414 (decimal 1044)
   defining Unicode char U+0415 (decimal 1045)
   defining Unicode char U+0416 (decimal 1046)
   defining Unicode char U+0417 (decimal 1047)
   defining Unicode char U+0418 (decimal 1048)
   defining Unicode char U+0419 (decimal 1049)
   defining Unicode char U+041A (decimal 1050)
   defining Unicode char U+041B (decimal 1051)
   defining Unicode char U+041C (decimal 1052)
   defining Unicode char U+041D (decimal 1053)
   defining Unicode char U+041E (decimal 1054)
   defining Unicode char U+041F (decimal 1055)
   defining Unicode char U+0420 (decimal 1056)
   defining Unicode char U+0421 (decimal 1057)
   defining Unicode char U+0422 (decimal 1058)
   defining Unicode char U+0423 (decimal 1059)
   defining Unicode char U+0424 (decimal 1060)
   defining Unicode char U+0425 (decimal 1061)
   defining Unicode char U+0426 (decimal 1062)
   defining Unicode char U+0427 (decimal 1063)
   defining Unicode char U+0428 (decimal 1064)
   defining Unicode char U+0429 (decimal 1065)
   defining Unicode char U+042A (decimal 1066)
   defining Unicode char U+042B (decimal 1067)
   defining Unicode char U+042C (decimal 1068)
   defining Unicode char U+042D (decimal 1069)
   defining Unicode char U+042E (decimal 1070)
   defining Unicode char U+042F (decimal 1071)
   defining Unicode char U+0430 (decimal 1072)
   defining Unicode char U+0431 (decimal 1073)
   defining Unicode char U+0432 (decimal 1074)
   defining Unicode char U+0433 (decimal 1075)
   defining Unicode char U+0434 (decimal 1076)
   defining Unicode char U+0435 (decimal 1077)
   defining Unicode char U+0436 (decimal 1078)
   defining Unicode char U+0437 (decimal 1079)
   defining Unicode char U+0438 (decimal 1080)
   defining Unicode char U+0439 (decimal 1081)
   defining Unicode char U+043A (decimal 1082)
   defining Unicode char U+043B (decimal 1083)
   defining Unicode char U+043C (decimal 1084)
   defining Unicode char U+043D (decimal 1085)
   defining Unicode char U+043E (decimal 1086)
   defining Unicode char U+043F (decimal 1087)
   defining Unicode char U+0440 (decimal 1088)
   defining Unicode char U+0441 (decimal 1089)
   defining Unicode char U+0442 (decimal 1090)
   defining Unicode char U+0443 (decimal 1091)
   defining Unicode char U+0444 (decimal 1092)
   defining Unicode char U+0445 (decimal 1093)
   defining Unicode char U+0446 (decimal 1094)
   defining Unicode char U+0447 (decimal 1095)
   defining Unicode char U+0448 (decimal 1096)
   defining Unicode char U+0449 (decimal 1097)
   defining Unicode char U+044A (decimal 1098)
   defining Unicode char U+044B (decimal 1099)
   defining Unicode char U+044C (decimal 1100)
   defining Unicode char U+044D (decimal 1101)
   defining Unicode char U+044E (decimal 1102)
   defining Unicode char U+044F (decimal 1103)
   defining Unicode char U+0450 (decimal 1104)
   defining Unicode char U+0451 (decimal 1105)
   defining Unicode char U+0452 (decimal 1106)
   defining Unicode char U+0453 (decimal 1107)
   defining Unicode char U+0454 (decimal 1108)
   defining Unicode char U+0455 (decimal 1109)
   defining Unicode char U+0456 (decimal 1110)
   defining Unicode char U+0458 (decimal 1112)
   defining Unicode char U+0459 (decimal 1113)
   defining Unicode char U+045A (decimal 1114)
   defining Unicode char U+045B (decimal 1115)
   defining Unicode char U+045C (decimal 1116)
   defining Unicode char U+045D (decimal 1117)
   defining Unicode char U+045F (decimal 1119)
   defining Unicode char U+0462 (decimal 1122)
   defining Unicode char U+0463 (decimal 1123)
   defining Unicode char U+0472 (decimal 1138)
   defining Unicode char U+0473 (decimal 1139)
   defining Unicode char U+0474 (decimal 1140)
   defining Unicode char U+0475 (decimal 1141)
   defining Unicode char U+04C1 (decimal 1217)
   defining Unicode char U+04C2 (decimal 1218)
   defining Unicode char U+04D0 (decimal 1232)
   defining Unicode char U+04D1 (decimal 1233)
   defining Unicode char U+04D2 (decimal 1234)
   defining Unicode char U+04D3 (decimal 1235)
   defining Unicode char U+04D6 (decimal 1238)
   defining Unicode char U+04D7 (decimal 1239)
   defining Unicode char U+04DC (decimal 1244)
   defining Unicode char U+04DD (decimal 1245)
   defining Unicode char U+04DE (decimal 1246)
   defining Unicode char U+04DF (decimal 1247)
   defining Unicode char U+04E2 (decimal 1250)
   defining Unicode char U+04E3 (decimal 1251)
   defining Unicode char U+04E4 (decimal 1252)
   defining Unicode char U+04E5 (decimal 1253)
   defining Unicode char U+04E6 (decimal 1254)
   defining Unicode char U+04E7 (decimal 1255)
   defining Unicode char U+04EC (decimal 1260)
   defining Unicode char U+04ED (decimal 1261)
   defining Unicode char U+04EE (decimal 1262)
   defining Unicode char U+04EF (decimal 1263)
   defining Unicode char U+04F0 (decimal 1264)
   defining Unicode char U+04F1 (decimal 1265)
   defining Unicode char U+04F2 (decimal 1266)
   defining Unicode char U+04F3 (decimal 1267)
   defining Unicode char U+04F4 (decimal 1268)
   defining Unicode char U+04F5 (decimal 1269)
   defining Unicode char U+04F8 (decimal 1272)
   defining Unicode char U+04F9 (decimal 1273)
   defining Unicode char U+2013 (decimal 8211)
   defining Unicode char U+2014 (decimal 8212)
   defining Unicode char U+2018 (decimal 8216)
   defining Unicode char U+2019 (decimal 8217)
   defining Unicode char U+201C (decimal 8220)
   defining Unicode char U+201D (decimal 8221)
   defining Unicode char U+2116 (decimal 8470)
)) (/usr/share/texmf-dist/tex/latex/cyrillic/t2cenc.def
File: t2cenc.def 2023/11/07 v1.0k Cyrillic encoding definition file
Now handling font encoding T2C ...
... processing UTF-8 mapping file for font encoding T2C
 (/usr/share/texmf-dist/tex/latex/base/t2cenc.dfu
File: t2cenc.dfu 2022/06/07 v1.3c UTF-8 support
   defining Unicode char U+00A4 (decimal 164)
   defining Unicode char U+00A7 (decimal 167)
   defining Unicode char U+00AB (decimal 171)
   defining Unicode char U+00BB (decimal 187)
   defining Unicode char U+0131 (decimal 305)
   defining Unicode char U+0237 (decimal 567)
   defining Unicode char U+0400 (decimal 1024)
   defining Unicode char U+0401 (decimal 1025)
   defining Unicode char U+0403 (decimal 1027)
   defining Unicode char U+0405 (decimal 1029)
   defining Unicode char U+0406 (decimal 1030)
   defining Unicode char U+0408 (decimal 1032)
   defining Unicode char U+040C (decimal 1036)
   defining Unicode char U+040D (decimal 1037)
   defining Unicode char U+040F (decimal 1039)
   defining Unicode char U+0410 (decimal 1040)
   defining Unicode char U+0411 (decimal 1041)
   defining Unicode char U+0412 (decimal 1042)
   defining Unicode char U+0413 (decimal 1043)
   defining Unicode char U+0414 (decimal 1044)
   defining Unicode char U+0415 (decimal 1045)
   defining Unicode char U+0416 (decimal 1046)
   defining Unicode char U+0417 (decimal 1047)
   defining Unicode char U+0418 (decimal 1048)
   defining Unicode char U+0419 (decimal 1049)
   defining Unicode char U+041A (decimal 1050)
   defining Unicode char U+041B (decimal 1051)
   defining Unicode char U+041C (decimal 1052)
   defining Unicode char U+041D (decimal 1053)
   defining Unicode char U+041E (decimal 1054)
   defining Unicode char U+041F (decimal 1055)
   defining Unicode char U+0420 (decimal 1056)
   defining Unicode char U+0421 (decimal 1057)
   defining Unicode char U+0422 (decimal 1058)
   defining Unicode char U+0423 (decimal 1059)
   defining Unicode char U+0424 (decimal 1060)
   defining Unicode char U+0425 (decimal 1061)
   defining Unicode char U+0426 (decimal 1062)
   defining Unicode char U+0427 (decimal 1063)
   defining Unicode char U+0428 (decimal 1064)
   defining Unicode char U+0429 (decimal 1065)
   defining Unicode char U+042A (decimal 1066)
   defining Unicode char U+042B (decimal 1067)
   defining Unicode char U+042C (decimal 1068)
   defining Unicode char U+042D (decimal 1069)
   defining Unicode char U+042E (decimal 1070)
   defining Unicode char U+042F (decimal 1071)
   defining Unicode char U+0430 (decimal 1072)
   defining Unicode char U+0431 (decimal 1073)
   defining Unicode char U+0432 (decimal 1074)
   defining Unicode char U+0433 (decimal 1075)
   defining Unicode char U+0434 (decimal 1076)
   defining Unicode char U+0435 (decimal 1077)
   defining Unicode char U+0436 (decimal 1078)
   defining Unicode char U+0437 (decimal 1079)
   defining Unicode char U+0438 (decimal 1080)
   defining Unicode char U+0439 (decimal 1081)
   defining Unicode char U+043A (decimal 1082)
   defining Unicode char U+043B (decimal 1083)
   defining Unicode char U+043C (decimal 1084)
   defining Unicode char U+043D (decimal 1085)
   defining Unicode char U+043E (decimal 1086)
   defining Unicode char U+043F (decimal 1087)
   defining Unicode char U+0440 (decimal 1088)
   defining Unicode char U+0441 (decimal 1089)
   defining Unicode char U+0442 (decimal 1090)
   defining Unicode char U+0443 (decimal 1091)
   defining Unicode char U+0444 (decimal 1092)
   defining Unicode char U+0445 (decimal 1093)
   defining Unicode char U+0446 (decimal 1094)
   defining Unicode char U+0447 (decimal 1095)
   defining Unicode char U+0448 (decimal 1096)
   defining Unicode char U+0449 (decimal 1097)
   defining Unicode char U+044A (decimal 1098)
   defining Unicode char U+044B (decimal 1099)
   defining Unicode char U+044C (decimal 1100)
   defining Unicode char U+044D (decimal 1101)
   defining Unicode char U+044E (decimal 1102)
   defining Unicode char U+044F (decimal 1103)
   defining Unicode char U+0450 (decimal 1104)
   defining Unicode char U+0451 (decimal 1105)
   defining Unicode char U+0453 (decimal 1107)
   defining Unicode char U+0455 (decimal 1109)
   defining Unicode char U+0456 (decimal 1110)
   defining Unicode char U+0458 (decimal 1112)
   defining Unicode char U+045C (decimal 1116)
   defining Unicode char U+045D (decimal 1117)
   defining Unicode char U+045F (decimal 1119)
   defining Unicode char U+048C (decimal 1164)
   defining Unicode char U+048D (decimal 1165)
   defining Unicode char U+048E (decimal 1166)
   defining Unicode char U+048F (decimal 1167)
   defining Unicode char U+0494 (decimal 1172)
   defining Unicode char U+0495 (decimal 1173)
   defining Unicode char U+049A (decimal 1178)
   defining Unicode char U+049B (decimal 1179)
   defining Unicode char U+049E (decimal 1182)
   defining Unicode char U+049F (decimal 1183)
   defining Unicode char U+04A2 (decimal 1186)
   defining Unicode char U+04A3 (decimal 1187)
   defining Unicode char U+04A6 (decimal 1190)
   defining Unicode char U+04A7 (decimal 1191)
   defining Unicode char U+04A8 (decimal 1192)
   defining Unicode char U+04A9 (decimal 1193)
   defining Unicode char U+04AC (decimal 1196)
   defining Unicode char U+04AD (decimal 1197)
   defining Unicode char U+04B2 (decimal 1202)
   defining Unicode char U+04B3 (decimal 1203)
   defining Unicode char U+04B4 (decimal 1204)
   defining Unicode char U+04B5 (decimal 1205)
   defining Unicode char U+04B6 (decimal 1206)
   defining Unicode char U+04B7 (decimal 1207)
   defining Unicode char U+04BA (decimal 1210)
   defining Unicode char U+04BB (decimal 1211)
   defining Unicode char U+04BC (decimal 1212)
   defining Unicode char U+04BD (decimal 1213)
   defining Unicode char U+04BE (decimal 1214)
   defining Unicode char U+04BF (decimal 1215)
   defining Unicode char U+04C0 (decimal 1216)
   defining Unicode char U+04C1 (decimal 1217)
   defining Unicode char U+04C2 (decimal 1218)
   defining Unicode char U+04C5 (decimal 1221)
   defining Unicode char U+04C6 (decimal 1222)
   defining Unicode char U+04C7 (decimal 1223)
   defining Unicode char U+04C8 (decimal 1224)
   defining Unicode char U+04CD (decimal 1229)
   defining Unicode char U+04CE (decimal 1230)
   defining Unicode char U+04D0 (decimal 1232)
   defining Unicode char U+04D1 (decimal 1233)
   defining Unicode char U+04D2 (decimal 1234)
   defining Unicode char U+04D3 (decimal 1235)
   defining Unicode char U+04D6 (decimal 1238)
   defining Unicode char U+04D7 (decimal 1239)
   defining Unicode char U+04D8 (decimal 1240)
   defining Unicode char U+04D9 (decimal 1241)
   defining Unicode char U+04DA (decimal 1242)
   defining Unicode char U+04DB (decimal 1243)
   defining Unicode char U+04DC (decimal 1244)
   defining Unicode char U+04DD (decimal 1245)
   defining Unicode char U+04DE (decimal 1246)
   defining Unicode char U+04DF (decimal 1247)
   defining Unicode char U+04E0 (decimal 1248)
   defining Unicode char U+04E1 (decimal 1249)
   defining Unicode char U+04E2 (decimal 1250)
   defining Unicode char U+04E3 (decimal 1251)
   defining Unicode char U+04E4 (decimal 1252)
   defining Unicode char U+04E5 (decimal 1253)
   defining Unicode char U+04E6 (decimal 1254)
   defining Unicode char U+04E7 (decimal 1255)
   defining Unicode char U+04E8 (decimal 1256)
   defining Unicode char U+04E9 (decimal 1257)
   defining Unicode char U+04EC (decimal 1260)
   defining Unicode char U+04ED (decimal 1261)
   defining Unicode char U+04EE (decimal 1262)
   defining Unicode char U+04EF (decimal 1263)
   defining Unicode char U+04F0 (decimal 1264)
   defining Unicode char U+04F1 (decimal 1265)
   defining Unicode char U+04F2 (decimal 1266)
   defining Unicode char U+04F3 (decimal 1267)
   defining Unicode char U+04F4 (decimal 1268)
   defining Unicode char U+04F5 (decimal 1269)
   defining Unicode char U+04F8 (decimal 1272)
   defining Unicode char U+04F9 (decimal 1273)
   defining Unicode char U+200C (decimal 8204)
   defining Unicode char U+2013 (decimal 8211)
   defining Unicode char U+2014 (decimal 8212)
   defining Unicode char U+2018 (decimal 8216)
   defining Unicode char U+2019 (decimal 8217)
   defining Unicode char U+201C (decimal 8220)
   defining Unicode char U+201D (decimal 8221)
   defining Unicode char U+201E (decimal 8222)
   defining Unicode char U+2030 (decimal 8240)
   defining Unicode char U+2031 (decimal 8241)
   defining Unicode char U+2116 (decimal 8470)
   defining Unicode char U+2329 (decimal 9001)
   defining Unicode char U+3008 (decimal 12296)
   defining Unicode char U+232A (decimal 9002)
   defining Unicode char U+3009 (decimal 12297)
   defining Unicode char U+2423 (decimal 9251)
   defining Unicode char U+27E8 (decimal 10216)
   defining Unicode char U+27E9 (decimal 10217)
   defining Unicode char U+FB00 (decimal 64256)
   defining Unicode char U+FB01 (decimal 64257)
   defining Unicode char U+FB02 (decimal 64258)
   defining Unicode char U+FB03 (decimal 64259)
   defining Unicode char U+FB04 (decimal 64260)
   defining Unicode char U+FB05 (decimal 64261)
   defining Unicode char U+FB06 (decimal 64262)
)) (/usr/share/texmf-dist/tex/latex/cyrillic/t2benc.def
File: t2benc.def 2023/11/07 v1.0k Cyrillic encoding definition file
Now handling font encoding T2B ...
... processing UTF-8 mapping file for font encoding T2B
 (/usr/share/texmf-dist/tex/latex/base/t2benc.dfu
File: t2benc.dfu 2022/06/07 v1.3c UTF-8 support
   defining Unicode char U+00A4 (decimal 164)
   defining Unicode char U+00A7 (decimal 167)
   defining Unicode char U+00AB (decimal 171)
   defining Unicode char U+00BB (decimal 187)
   defining Unicode char U+0131 (decimal 305)
   defining Unicode char U+0237 (decimal 567)
   defining Unicode char U+0400 (decimal 1024)
   defining Unicode char U+0401 (decimal 1025)
   defining Unicode char U+0403 (decimal 1027)
   defining Unicode char U+0405 (decimal 1029)
   defining Unicode char U+0406 (decimal 1030)
   defining Unicode char U+0408 (decimal 1032)
   defining Unicode char U+0409 (decimal 1033)
   defining Unicode char U+040A (decimal 1034)
   defining Unicode char U+040C (decimal 1036)
   defining Unicode char U+040D (decimal 1037)
   defining Unicode char U+040E (decimal 1038)
   defining Unicode char U+0410 (decimal 1040)
   defining Unicode char U+0411 (decimal 1041)
   defining Unicode char U+0412 (decimal 1042)
   defining Unicode char U+0413 (decimal 1043)
   defining Unicode char U+0414 (decimal 1044)
   defining Unicode char U+0415 (decimal 1045)
   defining Unicode char U+0416 (decimal 1046)
   defining Unicode char U+0417 (decimal 1047)
   defining Unicode char U+0418 (decimal 1048)
   defining Unicode char U+0419 (decimal 1049)
   defining Unicode char U+041A (decimal 1050)
   defining Unicode char U+041B (decimal 1051)
   defining Unicode char U+041C (decimal 1052)
   defining Unicode char U+041D (decimal 1053)
   defining Unicode char U+041E (decimal 1054)
   defining Unicode char U+041F (decimal 1055)
   defining Unicode char U+0420 (decimal 1056)
   defining Unicode char U+0421 (decimal 1057)
   defining Unicode char U+0422 (decimal 1058)
   defining Unicode char U+0423 (decimal 1059)
   defining Unicode char U+0424 (decimal 1060)
   defining Unicode char U+0425 (decimal 1061)
   defining Unicode char U+0426 (decimal 1062)
   defining Unicode char U+0427 (decimal 1063)
   defining Unicode char U+0428 (decimal 1064)
   defining Unicode char U+0429 (decimal 1065)
   defining Unicode char U+042A (decimal 1066)
   defining Unicode char U+042B (decimal 1067)
   defining Unicode char U+042C (decimal 1068)
   defining Unicode char U+042D (decimal 1069)
   defining Unicode char U+042E (decimal 1070)
   defining Unicode char U+042F (decimal 1071)
   defining Unicode char U+0430 (decimal 1072)
   defining Unicode char U+0431 (decimal 1073)
   defining Unicode char U+0432 (decimal 1074)
   defining Unicode char U+0433 (decimal 1075)
   defining Unicode char U+0434 (decimal 1076)
   defining Unicode char U+0435 (decimal 1077)
   defining Unicode char U+0436 (decimal 1078)
   defining Unicode char U+0437 (decimal 1079)
   defining Unicode char U+0438 (decimal 1080)
   defining Unicode char U+0439 (decimal 1081)
   defining Unicode char U+043A (decimal 1082)
   defining Unicode char U+043B (decimal 1083)
   defining Unicode char U+043C (decimal 1084)
   defining Unicode char U+043D (decimal 1085)
   defining Unicode char U+043E (decimal 1086)
   defining Unicode char U+043F (decimal 1087)
   defining Unicode char U+0440 (decimal 1088)
   defining Unicode char U+0441 (decimal 1089)
   defining Unicode char U+0442 (decimal 1090)
   defining Unicode char U+0443 (decimal 1091)
   defining Unicode char U+0444 (decimal 1092)
   defining Unicode char U+0445 (decimal 1093)
   defining Unicode char U+0446 (decimal 1094)
   defining Unicode char U+0447 (decimal 1095)
   defining Unicode char U+0448 (decimal 1096)
   defining Unicode char U+0449 (decimal 1097)
   defining Unicode char U+044A (decimal 1098)
   defining Unicode char U+044B (decimal 1099)
   defining Unicode char U+044C (decimal 1100)
   defining Unicode char U+044D (decimal 1101)
   defining Unicode char U+044E (decimal 1102)
   defining Unicode char U+044F (decimal 1103)
   defining Unicode char U+0450 (decimal 1104)
   defining Unicode char U+0451 (decimal 1105)
   defining Unicode char U+0453 (decimal 1107)
   defining Unicode char U+0455 (decimal 1109)
   defining Unicode char U+0456 (decimal 1110)
   defining Unicode char U+0458 (decimal 1112)
   defining Unicode char U+0459 (decimal 1113)
   defining Unicode char U+045A (decimal 1114)
   defining Unicode char U+045C (decimal 1116)
   defining Unicode char U+045D (decimal 1117)
   defining Unicode char U+045E (decimal 1118)
   defining Unicode char U+0492 (decimal 1170)
   defining Unicode char U+0493 (decimal 1171)
   defining Unicode char U+0494 (decimal 1172)
   defining Unicode char U+0495 (decimal 1173)
   defining Unicode char U+0496 (decimal 1174)
   defining Unicode char U+0497 (decimal 1175)
   defining Unicode char U+049A (decimal 1178)
   defining Unicode char U+049B (decimal 1179)
   defining Unicode char U+04A2 (decimal 1186)
   defining Unicode char U+04A3 (decimal 1187)
   defining Unicode char U+04A4 (decimal 1188)
   defining Unicode char U+04A5 (decimal 1189)
   defining Unicode char U+04AE (decimal 1198)
   defining Unicode char U+04AF (decimal 1199)
   defining Unicode char U+04B2 (decimal 1202)
   defining Unicode char U+04B3 (decimal 1203)
   defining Unicode char U+04B6 (decimal 1206)
   defining Unicode char U+04B7 (decimal 1207)
   defining Unicode char U+04BA (decimal 1210)
   defining Unicode char U+04BB (decimal 1211)
   defining Unicode char U+04C0 (decimal 1216)
   defining Unicode char U+04C1 (decimal 1217)
   defining Unicode char U+04C2 (decimal 1218)
   defining Unicode char U+04C3 (decimal 1219)
   defining Unicode char U+04C4 (decimal 1220)
   defining Unicode char U+04C5 (decimal 1221)
   defining Unicode char U+04C6 (decimal 1222)
   defining Unicode char U+04C7 (decimal 1223)
   defining Unicode char U+04C8 (decimal 1224)
   defining Unicode char U+04CB (decimal 1227)
   defining Unicode char U+04CC (decimal 1228)
   defining Unicode char U+04D0 (decimal 1232)
   defining Unicode char U+04D1 (decimal 1233)
   defining Unicode char U+04D2 (decimal 1234)
   defining Unicode char U+04D3 (decimal 1235)
   defining Unicode char U+04D6 (decimal 1238)
   defining Unicode char U+04D7 (decimal 1239)
   defining Unicode char U+04D8 (decimal 1240)
   defining Unicode char U+04D9 (decimal 1241)
   defining Unicode char U+04DA (decimal 1242)
   defining Unicode char U+04DB (decimal 1243)
   defining Unicode char U+04DC (decimal 1244)
   defining Unicode char U+04DD (decimal 1245)
   defining Unicode char U+04DE (decimal 1246)
   defining Unicode char U+04DF (decimal 1247)
   defining Unicode char U+04E0 (decimal 1248)
   defining Unicode char U+04E1 (decimal 1249)
   defining Unicode char U+04E2 (decimal 1250)
   defining Unicode char U+04E3 (decimal 1251)
   defining Unicode char U+04E4 (decimal 1252)
   defining Unicode char U+04E5 (decimal 1253)
   defining Unicode char U+04E6 (decimal 1254)
   defining Unicode char U+04E7 (decimal 1255)
   defining Unicode char U+04E8 (decimal 1256)
   defining Unicode char U+04E9 (decimal 1257)
   defining Unicode char U+04EC (decimal 1260)
   defining Unicode char U+04ED (decimal 1261)
   defining Unicode char U+04EE (decimal 1262)
   defining Unicode char U+04EF (decimal 1263)
   defining Unicode char U+04F0 (decimal 1264)
   defining Unicode char U+04F1 (decimal 1265)
   defining Unicode char U+04F2 (decimal 1266)
   defining Unicode char U+04F3 (decimal 1267)
   defining Unicode char U+04F4 (decimal 1268)
   defining Unicode char U+04F5 (decimal 1269)
   defining Unicode char U+04F6 (decimal 1270)
   defining Unicode char U+04F7 (decimal 1271)
   defining Unicode char U+04F8 (decimal 1272)
   defining Unicode char U+04F9 (decimal 1273)
   defining Unicode char U+04FA (decimal 1274)
   defining Unicode char U+04FB (decimal 1275)
   defining Unicode char U+04FC (decimal 1276)
   defining Unicode char U+04FD (decimal 1277)
   defining Unicode char U+04FE (decimal 1278)
   defining Unicode char U+04FF (decimal 1279)
   defining Unicode char U+200C (decimal 8204)
   defining Unicode char U+2013 (decimal 8211)
   defining Unicode char U+2014 (decimal 8212)
   defining Unicode char U+2018 (decimal 8216)
   defining Unicode char U+2019 (decimal 8217)
   defining Unicode char U+201C (decimal 8220)
   defining Unicode char U+201D (decimal 8221)
   defining Unicode char U+201E (decimal 8222)
   defining Unicode char U+2030 (decimal 8240)
   defining Unicode char U+2031 (decimal 8241)
   defining Unicode char U+2116 (decimal 8470)
   defining Unicode char U+2329 (decimal 9001)
   defining Unicode char U+3008 (decimal 12296)
   defining Unicode char U+232A (decimal 9002)
   defining Unicode char U+3009 (decimal 12297)
   defining Unicode char U+2423 (decimal 9251)
   defining Unicode char U+27E8 (decimal 10216)
   defining Unicode char U+27E9 (decimal 10217)
   defining Unicode char U+FB00 (decimal 64256)
   defining Unicode char U+FB01 (decimal 64257)
   defining Unicode char U+FB02 (decimal 64258)
   defining Unicode char U+FB03 (decimal 64259)
   defining Unicode char U+FB04 (decimal 64260)
   defining Unicode char U+FB05 (decimal 64261)
   defining Unicode char U+FB06 (decimal 64262)
)) (/usr/share/texmf-dist/tex/latex/cyrillic/t2aenc.def
File: t2aenc.def 2023/11/07 v1.0k Cyrillic encoding definition file
Now handling font encoding T2A ...
... processing UTF-8 mapping file for font encoding T2A
 (/usr/share/texmf-dist/tex/latex/base/t2aenc.dfu
File: t2aenc.dfu 2022/06/07 v1.3c UTF-8 support
   defining Unicode char U+00A4 (decimal 164)
   defining Unicode char U+00A7 (decimal 167)
   defining Unicode char U+00AB (decimal 171)
   defining Unicode char U+00BB (decimal 187)
   defining Unicode char U+0131 (decimal 305)
   defining Unicode char U+0237 (decimal 567)
   defining Unicode char U+0400 (decimal 1024)
   defining Unicode char U+0401 (decimal 1025)
   defining Unicode char U+0402 (decimal 1026)
   defining Unicode char U+0403 (decimal 1027)
   defining Unicode char U+0404 (decimal 1028)
   defining Unicode char U+0405 (decimal 1029)
   defining Unicode char U+0406 (decimal 1030)
   defining Unicode char U+0407 (decimal 1031)
   defining Unicode char U+0408 (decimal 1032)
   defining Unicode char U+0409 (decimal 1033)
   defining Unicode char U+040A (decimal 1034)
   defining Unicode char U+040B (decimal 1035)
   defining Unicode char U+040C (decimal 1036)
   defining Unicode char U+040D (decimal 1037)
   defining Unicode char U+040E (decimal 1038)
   defining Unicode char U+040F (decimal 1039)
   defining Unicode char U+0410 (decimal 1040)
   defining Unicode char U+0411 (decimal 1041)
   defining Unicode char U+0412 (decimal 1042)
   defining Unicode char U+0413 (decimal 1043)
   defining Unicode char U+0414 (decimal 1044)
   defining Unicode char U+0415 (decimal 1045)
   defining Unicode char U+0416 (decimal 1046)
   defining Unicode char U+0417 (decimal 1047)
   defining Unicode char U+0418 (decimal 1048)
   defining Unicode char U+0419 (decimal 1049)
   defining Unicode char U+041A (decimal 1050)
   defining Unicode char U+041B (decimal 1051)
   defining Unicode char U+041C (decimal 1052)
   defining Unicode char U+041D (decimal 1053)
   defining Unicode char U+041E (decimal 1054)
   defining Unicode char U+041F (decimal 1055)
   defining Unicode char U+0420 (decimal 1056)
   defining Unicode char U+0421 (decimal 1057)
   defining Unicode char U+0422 (decimal 1058)
   defining Unicode char U+0423 (decimal 1059)
   defining Unicode char U+0424 (decimal 1060)
   defining Unicode char U+0425 (decimal 1061)
   defining Unicode char U+0426 (decimal 1062)
   defining Unicode char U+0427 (decimal 1063)
   defining Unicode char U+0428 (decimal 1064)
   defining Unicode char U+0429 (decimal 1065)
   defining Unicode char U+042A (decimal 1066)
   defining Unicode char U+042B (decimal 1067)
   defining Unicode char U+042C (decimal 1068)
   defining Unicode char U+042D (decimal 1069)
   defining Unicode char U+042E (decimal 1070)
   defining Unicode char U+042F (decimal 1071)
   defining Unicode char U+0430 (decimal 1072)
   defining Unicode char U+0431 (decimal 1073)
   defining Unicode char U+0432 (decimal 1074)
   defining Unicode char U+0433 (decimal 1075)
   defining Unicode char U+0434 (decimal 1076)
   defining Unicode char U+0435 (decimal 1077)
   defining Unicode char U+0436 (decimal 1078)
   defining Unicode char U+0437 (decimal 1079)
   defining Unicode char U+0438 (decimal 1080)
   defining Unicode char U+0439 (decimal 1081)
   defining Unicode char U+043A (decimal 1082)
   defining Unicode char U+043B (decimal 1083)
   defining Unicode char U+043C (decimal 1084)
   defining Unicode char U+043D (decimal 1085)
   defining Unicode char U+043E (decimal 1086)
   defining Unicode char U+043F (decimal 1087)
   defining Unicode char U+0440 (decimal 1088)
   defining Unicode char U+0441 (decimal 1089)
   defining Unicode char U+0442 (decimal 1090)
   defining Unicode char U+0443 (decimal 1091)
   defining Unicode char U+0444 (decimal 1092)
   defining Unicode char U+0445 (decimal 1093)
   defining Unicode char U+0446 (decimal 1094)
   defining Unicode char U+0447 (decimal 1095)
   defining Unicode char U+0448 (decimal 1096)
   defining Unicode char U+0449 (decimal 1097)
   defining Unicode char U+044A (decimal 1098)
   defining Unicode char U+044B (decimal 1099)
   defining Unicode char U+044C (decimal 1100)
   defining Unicode char U+044D (decimal 1101)
   defining Unicode char U+044E (decimal 1102)
   defining Unicode char U+044F (decimal 1103)
   defining Unicode char U+0450 (decimal 1104)
   defining Unicode char U+0451 (decimal 1105)
   defining Unicode char U+0452 (decimal 1106)
   defining Unicode char U+0453 (decimal 1107)
   defining Unicode char U+0454 (decimal 1108)
   defining Unicode char U+0455 (decimal 1109)
   defining Unicode char U+0456 (decimal 1110)
   defining Unicode char U+0457 (decimal 1111)
   defining Unicode char U+0458 (decimal 1112)
   defining Unicode char U+0459 (decimal 1113)
   defining Unicode char U+045A (decimal 1114)
   defining Unicode char U+045B (decimal 1115)
   defining Unicode char U+045C (decimal 1116)
   defining Unicode char U+045D (decimal 1117)
   defining Unicode char U+045E (decimal 1118)
   defining Unicode char U+045F (decimal 1119)
   defining Unicode char U+0490 (decimal 1168)
   defining Unicode char U+0491 (decimal 1169)
   defining Unicode char U+0492 (decimal 1170)
   defining Unicode char U+0493 (decimal 1171)
   defining Unicode char U+0496 (decimal 1174)
   defining Unicode char U+0497 (decimal 1175)
   defining Unicode char U+0498 (decimal 1176)
   defining Unicode char U+0499 (decimal 1177)
   defining Unicode char U+049A (decimal 1178)
   defining Unicode char U+049B (decimal 1179)
   defining Unicode char U+049C (decimal 1180)
   defining Unicode char U+049D (decimal 1181)
   defining Unicode char U+04A0 (decimal 1184)
   defining Unicode char U+04A1 (decimal 1185)
   defining Unicode char U+04A2 (decimal 1186)
   defining Unicode char U+04A3 (decimal 1187)
   defining Unicode char U+04A4 (decimal 1188)
   defining Unicode char U+04A5 (decimal 1189)
   defining Unicode char U+04AA (decimal 1194)
   defining Unicode char U+04AB (decimal 1195)
   defining Unicode char U+04AE (decimal 1198)
   defining Unicode char U+04AF (decimal 1199)
   defining Unicode char U+04B0 (decimal 1200)
   defining Unicode char U+04B1 (decimal 1201)
   defining Unicode char U+04B2 (decimal 1202)
   defining Unicode char U+04B3 (decimal 1203)
   defining Unicode char U+04B6 (decimal 1206)
   defining Unicode char U+04B7 (decimal 1207)
   defining Unicode char U+04B8 (decimal 1208)
   defining Unicode char U+04B9 (decimal 1209)
   defining Unicode char U+04BA (decimal 1210)
   defining Unicode char U+04BB (decimal 1211)
   defining Unicode char U+04C0 (decimal 1216)
   defining Unicode char U+04C1 (decimal 1217)
   defining Unicode char U+04C2 (decimal 1218)
   defining Unicode char U+04D0 (decimal 1232)
   defining Unicode char U+04D1 (decimal 1233)
   defining Unicode char U+04D2 (decimal 1234)
   defining Unicode char U+04D3 (decimal 1235)
   defining Unicode char U+04D4 (decimal 1236)
   defining Unicode char U+04D5 (decimal 1237)
   defining Unicode char U+04D6 (decimal 1238)
   defining Unicode char U+04D7 (decimal 1239)
   defining Unicode char U+04D8 (decimal 1240)
   defining Unicode char U+04D9 (decimal 1241)
   defining Unicode char U+04DA (decimal 1242)
   defining Unicode char U+04DB (decimal 1243)
   defining Unicode char U+04DC (decimal 1244)
   defining Unicode char U+04DD (decimal 1245)
   defining Unicode char U+04DE (decimal 1246)
   defining Unicode char U+04DF (decimal 1247)
   defining Unicode char U+04E2 (decimal 1250)
   defining Unicode char U+04E3 (decimal 1251)
   defining Unicode char U+04E4 (decimal 1252)
   defining Unicode char U+04E5 (decimal 1253)
   defining Unicode char U+04E6 (decimal 1254)
   defining Unicode char U+04E7 (decimal 1255)
   defining Unicode char U+04E8 (decimal 1256)
   defining Unicode char U+04E9 (decimal 1257)
   defining Unicode char U+04EC (decimal 1260)
   defining Unicode char U+04ED (decimal 1261)
   defining Unicode char U+04EE (decimal 1262)
   defining Unicode char U+04EF (decimal 1263)
   defining Unicode char U+04F0 (decimal 1264)
   defining Unicode char U+04F1 (decimal 1265)
   defining Unicode char U+04F2 (decimal 1266)
   defining Unicode char U+04F3 (decimal 1267)
   defining Unicode char U+04F4 (decimal 1268)
   defining Unicode char U+04F5 (decimal 1269)
   defining Unicode char U+04F8 (decimal 1272)
   defining Unicode char U+04F9 (decimal 1273)
   defining Unicode char U+200C (decimal 8204)
   defining Unicode char U+2013 (decimal 8211)
   defining Unicode char U+2014 (decimal 8212)
   defining Unicode char U+2018 (decimal 8216)
   defining Unicode char U+2019 (decimal 8217)
   defining Unicode char U+201C (decimal 8220)
   defining Unicode char U+201D (decimal 8221)
   defining Unicode char U+201E (decimal 8222)
   defining Unicode char U+2030 (decimal 8240)
   defining Unicode char U+2031 (decimal 8241)
   defining Unicode char U+2116 (decimal 8470)
   defining Unicode char U+2329 (decimal 9001)
   defining Unicode char U+3008 (decimal 12296)
   defining Unicode char U+232A (decimal 9002)
   defining Unicode char U+3009 (decimal 12297)
   defining Unicode char U+2423 (decimal 9251)
   defining Unicode char U+27E8 (decimal 10216)
   defining Unicode char U+27E9 (decimal 10217)
   defining Unicode char U+FB00 (decimal 64256)
   defining Unicode char U+FB01 (decimal 64257)
   defining Unicode char U+FB02 (decimal 64258)
   defining Unicode char U+FB03 (decimal 64259)
   defining Unicode char U+FB04 (decimal 64260)
   defining Unicode char U+FB05 (decimal 64261)
   defining Unicode char U+FB06 (decimal 64262)
)) (/usr/share/texmf-dist/tex/latex/greek-fontenc/lgrenc.def
File: lgrenc.def 2023-09-12 2.5 LGR Greek font encoding definitions
Now handling font encoding LGR ...
... processing UTF-8 mapping file for font encoding LGR
 (/usr/share/texmf-dist/tex/latex/greek-inputenc/lgrenc.dfu
File: lgrenc.dfu 2023-03-21 1.9 UTF-8 support for Greek
   defining Unicode char U+00A8 (decimal 168)
   defining Unicode char U+00AB (decimal 171)
   defining Unicode char U+00AF (decimal 175)
   defining Unicode char U+00B4 (decimal 180)
   defining Unicode char U+00B7 (decimal 183)
   defining Unicode char U+00BB (decimal 187)
   defining Unicode char U+0259 (decimal 601)
   defining Unicode char U+02D8 (decimal 728)
   defining Unicode char U+0374 (decimal 884)
   defining Unicode char U+0375 (decimal 885)
   defining Unicode char U+037A (decimal 890)
   defining Unicode char U+037E (decimal 894)
   defining Unicode char U+0384 (decimal 900)
   defining Unicode char U+0385 (decimal 901)
   defining Unicode char U+0386 (decimal 902)
   defining Unicode char U+0387 (decimal 903)
   defining Unicode char U+0388 (decimal 904)
   defining Unicode char U+0389 (decimal 905)
   defining Unicode char U+038A (decimal 906)
   defining Unicode char U+038C (decimal 908)
   defining Unicode char U+038E (decimal 910)
   defining Unicode char U+038F (decimal 911)
   defining Unicode char U+0390 (decimal 912)
   defining Unicode char U+0391 (decimal 913)
   defining Unicode char U+0392 (decimal 914)
   defining Unicode char U+0393 (decimal 915)
   defining Unicode char U+0394 (decimal 916)
   defining Unicode char U+0395 (decimal 917)
   defining Unicode char U+0396 (decimal 918)
   defining Unicode char U+0397 (decimal 919)
   defining Unicode char U+0398 (decimal 920)
   defining Unicode char U+0399 (decimal 921)
   defining Unicode char U+039A (decimal 922)
   defining Unicode char U+039B (decimal 923)
   defining Unicode char U+039C (decimal 924)
   defining Unicode char U+039D (decimal 925)
   defining Unicode char U+039E (decimal 926)
   defining Unicode char U+039F (decimal 927)
   defining Unicode char U+03A0 (decimal 928)
   defining Unicode char U+03A1 (decimal 929)
   defining Unicode char U+03A3 (decimal 931)
   defining Unicode char U+03A4 (decimal 932)
   defining Unicode char U+03A5 (decimal 933)
   defining Unicode char U+03A6 (decimal 934)
   defining Unicode char U+03A7 (decimal 935)
   defining Unicode char U+03A8 (decimal 936)
   defining Unicode char U+03A9 (decimal 937)
   defining Unicode char U+03AA (decimal 938)
   defining Unicode char U+03AB (decimal 939)
   defining Unicode char U+03AC (decimal 940)
   defining Unicode char U+03AD (decimal 941)
   defining Unicode char U+03AE (decimal 942)
   defining Unicode char U+03AF (decimal 943)
   defining Unicode char U+03B0 (decimal 944)
   defining Unicode char U+03B1 (decimal 945)
   defining Unicode char U+03B2 (decimal 946)
   defining Unicode char U+03B3 (decimal 947)
   defining Unicode char U+03B4 (decimal 948)
   defining Unicode char U+03B5 (decimal 949)
   defining Unicode char U+03B6 (decimal 950)
   defining Unicode char U+03B7 (decimal 951)
   defining Unicode char U+03B8 (decimal 952)
   defining Unicode char U+03B9 (decimal 953)
   defining Unicode char U+03BA (decimal 954)
   defining Unicode char U+03BB (decimal 955)
   defining Unicode char U+03BC (decimal 956)
   defining Unicode char U+03BD (decimal 957)
   defining Unicode char U+03BE (decimal 958)
   defining Unicode char U+03BF (decimal 959)
   defining Unicode char U+03C0 (decimal 960)
   defining Unicode char U+03C1 (decimal 961)
   defining Unicode char U+03C2 (decimal 962)
   defining Unicode char U+03C3 (decimal 963)
   defining Unicode char U+03C4 (decimal 964)
   defining Unicode char U+03C5 (decimal 965)
   defining Unicode char U+03C6 (decimal 966)
   defining Unicode char U+03C7 (decimal 967)
   defining Unicode char U+03C8 (decimal 968)
   defining Unicode char U+03C9 (decimal 969)
   defining Unicode char U+03CA (decimal 970)
   defining Unicode char U+03CB (decimal 971)
   defining Unicode char U+03CC (decimal 972)
   defining Unicode char U+03CD (decimal 973)
   defining Unicode char U+03CE (decimal 974)
   defining Unicode char U+03D0 (decimal 976)
   defining Unicode char U+03D1 (decimal 977)
   defining Unicode char U+03D5 (decimal 981)
   defining Unicode char U+03D6 (decimal 982)
   defining Unicode char U+03D8 (decimal 984)
   defining Unicode char U+03D9 (decimal 985)
   defining Unicode char U+03DA (decimal 986)
   defining Unicode char U+03DB (decimal 987)
   defining Unicode char U+03DC (decimal 988)
   defining Unicode char U+03DD (decimal 989)
   defining Unicode char U+03DE (decimal 990)
   defining Unicode char U+03DF (decimal 991)
   defining Unicode char U+03E0 (decimal 992)
   defining Unicode char U+03E1 (decimal 993)
   defining Unicode char U+03F0 (decimal 1008)
   defining Unicode char U+03F1 (decimal 1009)
   defining Unicode char U+03F4 (decimal 1012)
   defining Unicode char U+03F5 (decimal 1013)
   defining Unicode char U+1F00 (decimal 7936)
   defining Unicode char U+1F01 (decimal 7937)
   defining Unicode char U+1F02 (decimal 7938)
   defining Unicode char U+1F03 (decimal 7939)
   defining Unicode char U+1F04 (decimal 7940)
   defining Unicode char U+1F05 (decimal 7941)
   defining Unicode char U+1F06 (decimal 7942)
   defining Unicode char U+1F07 (decimal 7943)
   defining Unicode char U+1F08 (decimal 7944)
   defining Unicode char U+1F09 (decimal 7945)
   defining Unicode char U+1F0A (decimal 7946)
   defining Unicode char U+1F0B (decimal 7947)
   defining Unicode char U+1F0C (decimal 7948)
   defining Unicode char U+1F0D (decimal 7949)
   defining Unicode char U+1F0E (decimal 7950)
   defining Unicode char U+1F0F (decimal 7951)
   defining Unicode char U+1F10 (decimal 7952)
   defining Unicode char U+1F11 (decimal 7953)
   defining Unicode char U+1F12 (decimal 7954)
   defining Unicode char U+1F13 (decimal 7955)
   defining Unicode char U+1F14 (decimal 7956)
   defining Unicode char U+1F15 (decimal 7957)
   defining Unicode char U+1F18 (decimal 7960)
   defining Unicode char U+1F19 (decimal 7961)
   defining Unicode char U+1F1A (decimal 7962)
   defining Unicode char U+1F1B (decimal 7963)
   defining Unicode char U+1F1C (decimal 7964)
   defining Unicode char U+1F1D (decimal 7965)
   defining Unicode char U+1F20 (decimal 7968)
   defining Unicode char U+1F21 (decimal 7969)
   defining Unicode char U+1F22 (decimal 7970)
   defining Unicode char U+1F23 (decimal 7971)
   defining Unicode char U+1F24 (decimal 7972)
   defining Unicode char U+1F25 (decimal 7973)
   defining Unicode char U+1F26 (decimal 7974)
   defining Unicode char U+1F27 (decimal 7975)
   defining Unicode char U+1F28 (decimal 7976)
   defining Unicode char U+1F29 (decimal 7977)
   defining Unicode char U+1F2A (decimal 7978)
   defining Unicode char U+1F2B (decimal 7979)
   defining Unicode char U+1F2C (decimal 7980)
   defining Unicode char U+1F2D (decimal 7981)
   defining Unicode char U+1F2E (decimal 7982)
   defining Unicode char U+1F2F (decimal 7983)
   defining Unicode char U+1F30 (decimal 7984)
   defining Unicode char U+1F31 (decimal 7985)
   defining Unicode char U+1F32 (decimal 7986)
   defining Unicode char U+1F33 (decimal 7987)
   defining Unicode char U+1F34 (decimal 7988)
   defining Unicode char U+1F35 (decimal 7989)
   defining Unicode char U+1F36 (decimal 7990)
   defining Unicode char U+1F37 (decimal 7991)
   defining Unicode char U+1F38 (decimal 7992)
   defining Unicode char U+1F39 (decimal 7993)
   defining Unicode char U+1F3A (decimal 7994)
   defining Unicode char U+1F3B (decimal 7995)
   defining Unicode char U+1F3C (decimal 7996)
   defining Unicode char U+1F3D (decimal 7997)
   defining Unicode char U+1F3E (decimal 7998)
   defining Unicode char U+1F3F (decimal 7999)
   defining Unicode char U+1F40 (decimal 8000)
   defining Unicode char U+1F41 (decimal 8001)
   defining Unicode char U+1F42 (decimal 8002)
   defining Unicode char U+1F43 (decimal 8003)
   defining Unicode char U+1F44 (decimal 8004)
   defining Unicode char U+1F45 (decimal 8005)
   defining Unicode char U+1F48 (decimal 8008)
   defining Unicode char U+1F49 (decimal 8009)
   defining Unicode char U+1F4A (decimal 8010)
   defining Unicode char U+1F4B (decimal 8011)
   defining Unicode char U+1F4C (decimal 8012)
   defining Unicode char U+1F4D (decimal 8013)
   defining Unicode char U+1F50 (decimal 8016)
   defining Unicode char U+1F51 (decimal 8017)
   defining Unicode char U+1F52 (decimal 8018)
   defining Unicode char U+1F53 (decimal 8019)
   defining Unicode char U+1F54 (decimal 8020)
   defining Unicode char U+1F55 (decimal 8021)
   defining Unicode char U+1F56 (decimal 8022)
   defining Unicode char U+1F57 (decimal 8023)
   defining Unicode char U+1F59 (decimal 8025)
   defining Unicode char U+1F5B (decimal 8027)
   defining Unicode char U+1F5D (decimal 8029)
   defining Unicode char U+1F5F (decimal 8031)
   defining Unicode char U+1F60 (decimal 8032)
   defining Unicode char U+1F61 (decimal 8033)
   defining Unicode char U+1F62 (decimal 8034)
   defining Unicode char U+1F63 (decimal 8035)
   defining Unicode char U+1F64 (decimal 8036)
   defining Unicode char U+1F65 (decimal 8037)
   defining Unicode char U+1F66 (decimal 8038)
   defining Unicode char U+1F67 (decimal 8039)
   defining Unicode char U+1F68 (decimal 8040)
   defining Unicode char U+1F69 (decimal 8041)
   defining Unicode char U+1F6A (decimal 8042)
   defining Unicode char U+1F6B (decimal 8043)
   defining Unicode char U+1F6C (decimal 8044)
   defining Unicode char U+1F6D (decimal 8045)
   defining Unicode char U+1F6E (decimal 8046)
   defining Unicode char U+1F6F (decimal 8047)
   defining Unicode char U+1F70 (decimal 8048)
   defining Unicode char U+1F71 (decimal 8049)
   defining Unicode char U+1F72 (decimal 8050)
   defining Unicode char U+1F73 (decimal 8051)
   defining Unicode char U+1F74 (decimal 8052)
   defining Unicode char U+1F75 (decimal 8053)
   defining Unicode char U+1F76 (decimal 8054)
   defining Unicode char U+1F77 (decimal 8055)
   defining Unicode char U+1F78 (decimal 8056)
   defining Unicode char U+1F79 (decimal 8057)
   defining Unicode char U+1F7A (decimal 8058)
   defining Unicode char U+1F7B (decimal 8059)
   defining Unicode char U+1F7C (decimal 8060)
   defining Unicode char U+1F7D (decimal 8061)
   defining Unicode char U+1F80 (decimal 8064)
   defining Unicode char U+1F81 (decimal 8065)
   defining Unicode char U+1F82 (decimal 8066)
   defining Unicode char U+1F83 (decimal 8067)
   defining Unicode char U+1F84 (decimal 8068)
   defining Unicode char U+1F85 (decimal 8069)
   defining Unicode char U+1F86 (decimal 8070)
   defining Unicode char U+1F87 (decimal 8071)
   defining Unicode char U+1F88 (decimal 8072)
   defining Unicode char U+1F89 (decimal 8073)
   defining Unicode char U+1F8A (decimal 8074)
   defining Unicode char U+1F8B (decimal 8075)
   defining Unicode char U+1F8C (decimal 8076)
   defining Unicode char U+1F8D (decimal 8077)
   defining Unicode char U+1F8E (decimal 8078)
   defining Unicode char U+1F8F (decimal 8079)
   defining Unicode char U+1F90 (decimal 8080)
   defining Unicode char U+1F91 (decimal 8081)
   defining Unicode char U+1F92 (decimal 8082)
   defining Unicode char U+1F93 (decimal 8083)
   defining Unicode char U+1F94 (decimal 8084)
   defining Unicode char U+1F95 (decimal 8085)
   defining Unicode char U+1F96 (decimal 8086)
   defining Unicode char U+1F97 (decimal 8087)
   defining Unicode char U+1F98 (decimal 8088)
   defining Unicode char U+1F99 (decimal 8089)
   defining Unicode char U+1F9A (decimal 8090)
   defining Unicode char U+1F9B (decimal 8091)
   defining Unicode char U+1F9C (decimal 8092)
   defining Unicode char U+1F9D (decimal 8093)
   defining Unicode char U+1F9E (decimal 8094)
   defining Unicode char U+1F9F (decimal 8095)
   defining Unicode char U+1FA0 (decimal 8096)
   defining Unicode char U+1FA1 (decimal 8097)
   defining Unicode char U+1FA2 (decimal 8098)
   defining Unicode char U+1FA3 (decimal 8099)
   defining Unicode char U+1FA4 (decimal 8100)
   defining Unicode char U+1FA5 (decimal 8101)
   defining Unicode char U+1FA6 (decimal 8102)
   defining Unicode char U+1FA7 (decimal 8103)
   defining Unicode char U+1FA8 (decimal 8104)
   defining Unicode char U+1FA9 (decimal 8105)
   defining Unicode char U+1FAA (decimal 8106)
   defining Unicode char U+1FAB (decimal 8107)
   defining Unicode char U+1FAC (decimal 8108)
   defining Unicode char U+1FAD (decimal 8109)
   defining Unicode char U+1FAE (decimal 8110)
   defining Unicode char U+1FAF (decimal 8111)
   defining Unicode char U+1FB0 (decimal 8112)
   defining Unicode char U+1FB1 (decimal 8113)
   defining Unicode char U+1FB2 (decimal 8114)
   defining Unicode char U+1FB3 (decimal 8115)
   defining Unicode char U+1FB4 (decimal 8116)
   defining Unicode char U+1FB6 (decimal 8118)
   defining Unicode char U+1FB7 (decimal 8119)
   defining Unicode char U+1FB8 (decimal 8120)
   defining Unicode char U+1FB9 (decimal 8121)
   defining Unicode char U+1FBA (decimal 8122)
   defining Unicode char U+1FBB (decimal 8123)
   defining Unicode char U+1FBC (decimal 8124)
   defining Unicode char U+1FBD (decimal 8125)
   defining Unicode char U+1FBE (decimal 8126)
   defining Unicode char U+1FBF (decimal 8127)
   defining Unicode char U+1FC0 (decimal 8128)
   defining Unicode char U+1FC1 (decimal 8129)
   defining Unicode char U+1FC2 (decimal 8130)
   defining Unicode char U+1FC3 (decimal 8131)
   defining Unicode char U+1FC4 (decimal 8132)
   defining Unicode char U+1FC6 (decimal 8134)
   defining Unicode char U+1FC7 (decimal 8135)
   defining Unicode char U+1FC8 (decimal 8136)
   defining Unicode char U+1FC9 (decimal 8137)
   defining Unicode char U+1FCA (decimal 8138)
   defining Unicode char U+1FCB (decimal 8139)
   defining Unicode char U+1FCC (decimal 8140)
   defining Unicode char U+1FCD (decimal 8141)
   defining Unicode char U+1FCE (decimal 8142)
   defining Unicode char U+1FCF (decimal 8143)
   defining Unicode char U+1FD0 (decimal 8144)
   defining Unicode char U+1FD1 (decimal 8145)
   defining Unicode char U+1FD2 (decimal 8146)
   defining Unicode char U+1FD3 (decimal 8147)
   defining Unicode char U+1FD6 (decimal 8150)
   defining Unicode char U+1FD7 (decimal 8151)
   defining Unicode char U+1FD8 (decimal 8152)
   defining Unicode char U+1FD9 (decimal 8153)
   defining Unicode char U+1FDA (decimal 8154)
   defining Unicode char U+1FDB (decimal 8155)
   defining Unicode char U+1FDD (decimal 8157)
   defining Unicode char U+1FDE (decimal 8158)
   defining Unicode char U+1FDF (decimal 8159)
   defining Unicode char U+1FE0 (decimal 8160)
   defining Unicode char U+1FE1 (decimal 8161)
   defining Unicode char U+1FE2 (decimal 8162)
   defining Unicode char U+1FE3 (decimal 8163)
   defining Unicode char U+1FE4 (decimal 8164)
   defining Unicode char U+1FE5 (decimal 8165)
   defining Unicode char U+1FE6 (decimal 8166)
   defining Unicode char U+1FE7 (decimal 8167)
   defining Unicode char U+1FE8 (decimal 8168)
   defining Unicode char U+1FE9 (decimal 8169)
   defining Unicode char U+1FEA (decimal 8170)
   defining Unicode char U+1FEB (decimal 8171)
   defining Unicode char U+1FEC (decimal 8172)
   defining Unicode char U+1FED (decimal 8173)
   defining Unicode char U+1FEE (decimal 8174)
   defining Unicode char U+1FEF (decimal 8175)
   defining Unicode char U+1FF2 (decimal 8178)
   defining Unicode char U+1FF3 (decimal 8179)
   defining Unicode char U+1FF4 (decimal 8180)
   defining Unicode char U+1FF6 (decimal 8182)
   defining Unicode char U+1FF7 (decimal 8183)
   defining Unicode char U+1FF8 (decimal 8184)
   defining Unicode char U+1FF9 (decimal 8185)
   defining Unicode char U+1FFA (decimal 8186)
   defining Unicode char U+1FFB (decimal 8187)
   defining Unicode char U+1FFC (decimal 8188)
   defining Unicode char U+1FFD (decimal 8189)
   defining Unicode char U+1FFE (decimal 8190)
   defining Unicode char U+2013 (decimal 8211)
   defining Unicode char U+2014 (decimal 8212)
   defining Unicode char U+2018 (decimal 8216)
   defining Unicode char U+2019 (decimal 8217)
   defining Unicode char U+201A (decimal 8218)
   defining Unicode char U+2030 (decimal 8240)
   defining Unicode char U+2039 (decimal 8249)
   defining Unicode char U+203A (decimal 8250)
   defining Unicode char U+20AC (decimal 8364)
   defining Unicode char U+2126 (decimal 8486)
   defining Unicode char U+10144 (decimal 65860)
   defining Unicode char U+10145 (decimal 65861)
   defining Unicode char U+10146 (decimal 65862)
   defining Unicode char U+10147 (decimal 65863)
) (/usr/share/texmf-dist/tex/latex/greek-fontenc/greek-fontenc.def
File: greek-fontenc.def 2023-09-12 2.5 Common Greek font encoding definitions
LaTeX Encoding Info:    Ignoring declaration for text command \accACUTE (encoding LGR) on input line 251.
LaTeX Encoding Info:    Ignoring declaration for text command \accGRAVE (encoding LGR) on input line 259.
LaTeX Encoding Info:    Ignoring declaration for text command \accTILDE (encoding LGR) on input line 267.
))) (/usr/share/texmf-dist/tex/latex/base/textcomp.sty
Package: textcomp 2024/04/24 v2.1b Standard LaTeX package
) (/usr/share/texmf-dist/tex/latex/fontaxes/fontaxes.sty
Package: fontaxes 2026-01-02 v2.0.2 Font selection axes (deprecated)
Applying: [2024-11-01] Use figureversions if present on input line 74.
 (/usr/share/texmf-dist/tex/latex/figureversions/figureversions.sty
Package: figureversions 2025-04-29 v1.0.1 Figure versions
)
Already applied: [0000-00-00] Fall back to v1 on input line 76.
) (/usr/share/texmf-dist/tex/latex/xkeyval/xkeyval.sty
Package: xkeyval 2025/11/04 v2.10 package option processing (HA)
 (/usr/share/texmf-dist/tex/generic/xkeyval/xkeyval.tex (/usr/share/texmf-dist/tex/generic/xkeyval/xkvutils.tex
\XKV@toks=\toks17
\XKV@tempa@toks=\toks18
\XKV@tempb@toks=\toks19
 (/usr/share/texmf-dist/tex/generic/xkeyval/keyval.tex))
\XKV@depth=\count284
File: xkeyval.tex 2014/12/03 v2.7a key=value parser (HA)
))) (/usr/share/texmf-dist/tex/latex/pdflscape/pdflscape.sty
Package: pdflscape 2025-06-23 v0.14 Display of landscape pages in PDF
 (/usr/share/texmf-dist/tex/latex/pdflscape/pdflscape-nometadata.sty
Package: pdflscape-nometadata 2025-06-23 v0.14 Display of landscape pages in PDF (HO)
 (/usr/share/texmf-dist/tex/generic/iftex/iftex.sty
Package: iftex 2024/12/12 v1.0g TeX engine tests
) (/usr/share/texmf-dist/tex/latex/graphics/lscape.sty
Package: lscape 2020/05/28 v3.02 Landscape Pages (DPC)
 (/usr/share/texmf-dist/tex/latex/graphics/graphics.sty
Package: graphics 2024/08/06 v1.4g Standard LaTeX Graphics (DPC,SPQR)
 (/usr/share/texmf-dist/tex/latex/graphics/trig.sty
Package: trig 2023/12/02 v1.11 sin cos tan (DPC)
) (/usr/share/texmf-dist/tex/latex/graphics-cfg/graphics.cfg
File: graphics.cfg 2016/06/04 v1.11 sample graphics configuration
)
Package graphics Info: Driver file: pdftex.def on input line 106.
 (/usr/share/texmf-dist/tex/latex/graphics-def/pdftex.def
File: pdftex.def 2025/09/29 v1.2d Graphics/color driver for pdftex
)))
Package pdflscape Info: Auto-detected driver: pdftex on input line 81.
)) (/usr/share/texmf-dist/tex/latex/vmargin/vmargin.sty
Package: vmargin 2004/07/15 V2.5 set document margins (VK)

Package: vmargin 2004/07/15 V2.5 set document margins (VK)
\PaperWidth=\dimen150
\PaperHeight=\dimen151
) (/usr/share/texmf-dist/tex/latex/setspace/setspace.sty
Package: setspace 2022/12/04 v6.7b set line spacing
) (/usr/share/texmf-dist/tex/latex/tools/indentfirst.sty
Package: indentfirst 2023/07/02 v1.03 Indent first paragraph (DPC)
) (/usr/share/texmf-dist/tex/latex/base/atbegshi-ltx.sty
Package: atbegshi-ltx 2021/01/10 v1.0c Emulation of the original atbegshi
package with kernel methods
) (/usr/share/texmf-dist/tex/latex/picture/picture.sty
Package: picture 2020-04-22 v1.6 Dimens for picture macros (HO)
Package picture Info: Calculation method: etex.
) (/usr/share/texmf-dist/tex/latex/base/fontenc.sty
Package: fontenc 2025/07/18 v2.1d Standard LaTeX package
LaTeX Font Info:    Trying to load font information for T2A+Tempora-TLF on input line 116.
 (/usr/share/texmf-dist/tex/latex/tempora/t2atempora-tlf.fd
File: t2atempora-tlf.fd 2015/09/13 Font definitions for T2A/Tempora-TLF.
)
LaTeX Font Info:    Font shape `T2A/Tempora-TLF/m/n' will be
(Font)              scaled to size 14.4pt on input line 116.
) (/usr/share/texmf-dist/tex/latex/base/inputenc.sty
Package: inputenc 2024/02/08 v1.3d Input encoding file
\inpenc@prehook=\toks20
\inpenc@posthook=\toks21
) (/usr/share/texmf-dist/tex/generic/babel/babel.sty
Package: babel 2026/02/14 v26.3 The multilingual framework for LuaLaTeX, pdfLaTeX and XeLaTeX
\babel@savecnt=\count285
LaTeX Encoding Info:    Redeclaring text command \ij (encoding OT1) on input line 2078.
LaTeX Encoding Info:    Redeclaring text command \IJ (encoding OT1) on input line 2080.
LaTeX Encoding Info:    Redeclaring text command \ij (encoding T1) on input line 2082.
LaTeX Encoding Info:    Redeclaring text command \IJ (encoding T1) on input line 2083.
LaTeX Encoding Info:    Ignoring declaration for text command \ij (encoding ?) on input line 2084.
LaTeX Encoding Info:    Ignoring declaration for text command \IJ (encoding ?) on input line 2086.
LaTeX Encoding Info:    Ignoring declaration for text command \SS (encoding ?) on input line 2111.
\U@D=\dimen152
\l@unhyphenated=\language17
 (/usr/share/texmf-dist/tex/generic/babel/txtbabel.def)
\bbl@readstream=\read2
\bbl@dirlevel=\count286
 (/usr/share/texmf-dist/tex/generic/babel/locale/en/babel-english.tex)
Package babel Info: Importing font and identification data for english
(babel)             from babel-en.ini. Reported on input line 4330.
 (/usr/share/texmf-dist/tex/generic/babel-english/english.ldf
Language: english 2017/06/06 v3.3r English support from the babel system
Package babel Info: Hyphen rules for 'british' set to \l@english
(babel)             (\language0). Reported on input line 82.
Package babel Info: Hyphen rules for 'UKenglish' set to \l@english
(babel)             (\language0). Reported on input line 83.
Package babel Info: Hyphen rules for 'canadian' set to \l@english
(babel)             (\language0). Reported on input line 102.
Package babel Info: Hyphen rules for 'australian' set to \l@english
(babel)             (\language0). Reported on input line 105.
Package babel Info: Hyphen rules for 'newzealand' set to \l@english
(babel)             (\language0). Reported on input line 108.
)) (/usr/share/texmf-dist/tex/latex/biblatex/biblatex.sty
Package: biblatex 2025/07/10 v3.21 programmable bibliographies (PK/MW)
 (/usr/share/texmf-dist/tex/generic/pdftexcmds/pdftexcmds.sty
Package: pdftexcmds 2020-06-27 v0.33 Utility functions of pdfTeX for LuaTeX (HO)
 (/usr/share/texmf-dist/tex/generic/infwarerr/infwarerr.sty
Package: infwarerr 2019/12/03 v1.5 Providing info/warning/error messages (HO)
) (/usr/share/texmf-dist/tex/generic/ltxcmds/ltxcmds.sty
Package: ltxcmds 2023-12-04 v1.26 LaTeX kernel commands for general use (HO)
)
Package pdftexcmds Info: \pdf@primitive is available.
Package pdftexcmds Info: \pdf@ifprimitive is available.
Package pdftexcmds Info: \pdfdraftmode found.
) (/usr/share/texmf-dist/tex/latex/etoolbox/etoolbox.sty
Package: etoolbox 2025/10/02 v2.5m e-TeX tools for LaTeX (JAW)
\etb@tempcnta=\count287
) (/usr/share/texmf-dist/tex/latex/kvoptions/kvoptions.sty
Package: kvoptions 2022-06-15 v3.15 Key value format for package options (HO)
 (/usr/share/texmf-dist/tex/latex/kvsetkeys/kvsetkeys.sty
Package: kvsetkeys 2022-10-05 v1.19 Key value parser (HO)
)) (/usr/share/texmf-dist/tex/latex/logreq/logreq.sty
Package: logreq 2010/08/04 v1.0 xml request logger
\lrq@indent=\count288
 (/usr/share/texmf-dist/tex/latex/logreq/logreq.def
File: logreq.def 2010/08/04 v1.0 logreq spec v1.0
)) (/usr/share/texmf-dist/tex/latex/base/ifthen.sty
Package: ifthen 2024/03/16 v1.1e Standard LaTeX ifthen package (DPC)
) (/usr/share/texmf-dist/tex/latex/url/url.sty
\Urlmuskip=\muskip17
Package: url 2013/09/16  ver 3.4  Verb mode for urls, etc.
)
\c@tabx@nest=\count289
\c@listtotal=\count290
\c@listcount=\count291
\c@liststart=\count292
\c@liststop=\count293
\c@citecount=\count294
\c@citetotal=\count295
\c@multicitecount=\count296
\c@multicitetotal=\count297
\c@instcount=\count298
\c@maxnames=\count299
\c@minnames=\count300
\c@maxitems=\count301
\c@minitems=\count302
\c@citecounter=\count303
\c@maxcitecounter=\count304
\c@savedcitecounter=\count305
\c@uniquelist=\count306
\c@uniquename=\count307
\c@refsection=\count308
\c@refsegment=\count309
\c@maxextratitle=\count310
\c@maxextratitleyear=\count311
\c@maxextraname=\count312
\c@maxextradate=\count313
\c@maxextraalpha=\count314
\c@abbrvpenalty=\count315
\c@highnamepenalty=\count316
\c@lownamepenalty=\count317
\c@maxparens=\count318
\c@parenlevel=\count319
\blx@tempcnta=\count320
\blx@tempcntb=\count321
\blx@tempcntc=\count322
\c@blx@maxsection=\count323
\blx@maxsegment@0=\count324
\blx@notetype=\count325
\blx@parenlevel@text=\count326
\blx@parenlevel@foot=\count327
\blx@sectionciteorder@0=\count328
\blx@sectionciteorderinternal@0=\count329
\blx@entrysetcounter=\count330
\blx@biblioinstance=\count331
\labelnumberwidth=\skip51
\labelalphawidth=\skip52
\biblabelsep=\skip53
\bibitemsep=\skip54
\bibnamesep=\skip55
\bibinitsep=\skip56
\bibparsep=\skip57
\bibhang=\skip58
\blx@bcfin=\read3
\blx@bcfout=\write3
\blx@langwohyphens=\language18
\c@mincomprange=\count332
\c@maxcomprange=\count333
\c@mincompwidth=\count334
Package biblatex Info: Trying to load biblatex default data model...
Package biblatex Info: ... file 'blx-dm.def' found.
 (/usr/share/texmf-dist/tex/latex/biblatex/blx-dm.def
File: blx-dm.def 2025/07/10 v3.21 biblatex datamodel (PK/MW)
)
Package biblatex Info: Trying to load biblatex style data model...
Package biblatex Info: ... file 'ieee.dbx' not found.
Package biblatex Info: Trying to load biblatex custom data model...
Package biblatex Info: ... file 'biblatex-dm.cfg' not found.
\c@afterword=\count335
\c@savedafterword=\count336
\c@annotator=\count337
\c@savedannotator=\count338
\c@author=\count339
\c@savedauthor=\count340
\c@bookauthor=\count341
\c@savedbookauthor=\count342
\c@commentator=\count343
\c@savedcommentator=\count344
\c@editor=\count345
\c@savededitor=\count346
\c@editora=\count347
\c@savededitora=\count348
\c@editorb=\count349
\c@savededitorb=\count350
\c@editorc=\count351
\c@savededitorc=\count352
\c@foreword=\count353
\c@savedforeword=\count354
\c@holder=\count355
\c@savedholder=\count356
\c@introduction=\count357
\c@savedintroduction=\count358
\c@namea=\count359
\c@savednamea=\count360
\c@nameb=\count361
\c@savednameb=\count362
\c@namec=\count363
\c@savednamec=\count364
\c@translator=\count365
\c@savedtranslator=\count366
\c@shortauthor=\count367
\c@savedshortauthor=\count368
\c@shorteditor=\count369
\c@savedshorteditor=\count370
\c@labelname=\count371
\c@savedlabelname=\count372
\c@institution=\count373
\c@savedinstitution=\count374
\c@lista=\count375
\c@savedlista=\count376
\c@listb=\count377
\c@savedlistb=\count378
\c@listc=\count379
\c@savedlistc=\count380
\c@listd=\count381
\c@savedlistd=\count382
\c@liste=\count383
\c@savedliste=\count384
\c@listf=\count385
\c@savedlistf=\count386
\c@location=\count387
\c@savedlocation=\count388
\c@organization=\count389
\c@savedorganization=\count390
\c@origlocation=\count391
\c@savedoriglocation=\count392
\c@origpublisher=\count393
\c@savedorigpublisher=\count394
\c@publisher=\count395
\c@savedpublisher=\count396
\c@language=\count397
\c@savedlanguage=\count398
\c@origlanguage=\count399
\c@savedoriglanguage=\count400
\c@pageref=\count401
\c@savedpageref=\count402
\shorthandwidth=\skip59
\shortjournalwidth=\skip60
\shortserieswidth=\skip61
\shorttitlewidth=\skip62
\shortauthorwidth=\skip63
\shorteditorwidth=\skip64
\locallabelnumberwidth=\skip65
\locallabelalphawidth=\skip66
\localshorthandwidth=\skip67
\localshortjournalwidth=\skip68
\localshortserieswidth=\skip69
\localshorttitlewidth=\skip70
\localshortauthorwidth=\skip71
\localshorteditorwidth=\skip72
Package biblatex Info: Trying to load compatibility code...
Package biblatex Info: ... file 'blx-compat.def' found.
 (/usr/share/texmf-dist/tex/latex/biblatex/blx-compat.def
File: blx-compat.def 2025/07/10 v3.21 biblatex compatibility (PK/MW)
)
Package biblatex Info: Trying to load generic definitions...
Package biblatex Info: ... file 'biblatex.def' found.
 (/usr/share/texmf-dist/tex/latex/biblatex/biblatex.def
File: biblatex.def 2025/07/10 v3.21 biblatex compatibility (PK/MW)
\c@textcitecount=\count403
\c@textcitetotal=\count404
\c@textcitemaxnames=\count405
\c@biburlbigbreakpenalty=\count406
\c@biburlbreakpenalty=\count407
\c@biburlnumpenalty=\count408
\c@biburlucpenalty=\count409
\c@biburllcpenalty=\count410
\biburlbigskip=\muskip18
\biburlnumskip=\muskip19
\biburlucskip=\muskip20
\biburllcskip=\muskip21
\c@smartand=\count411
)
Package biblatex Info: Trying to load bibliography style 'ieee'...
Package biblatex Info: ... file 'ieee.bbx' found.
 (/usr/share/texmf-dist/tex/latex/biblatex-ieee/ieee.bbx
File: ieee.bbx 2025-08-01 v1.4f biblatex bibliography style
Package biblatex Info: Trying to load bibliography style 'numeric-comp'...
Package biblatex Info: ... file 'numeric-comp.bbx' found.
 (/usr/share/texmf-dist/tex/latex/biblatex/bbx/numeric-comp.bbx
File: numeric-comp.bbx 2025/07/10 v3.21 biblatex bibliography style (PK/MW)
Package biblatex Info: Trying to load bibliography style 'numeric'...
Package biblatex Info: ... file 'numeric.bbx' found.
 (/usr/share/texmf-dist/tex/latex/biblatex/bbx/numeric.bbx
File: numeric.bbx 2025/07/10 v3.21 biblatex bibliography style (PK/MW)
Package biblatex Info: Trying to load bibliography style 'standard'...
Package biblatex Info: ... file 'standard.bbx' found.
 (/usr/share/texmf-dist/tex/latex/biblatex/bbx/standard.bbx
File: standard.bbx 2025/07/10 v3.21 biblatex bibliography style (PK/MW)
\c@bbx:relatedcount=\count412
\c@bbx:relatedtotal=\count413
))))
Package biblatex Info: Trying to load citation style 'ieee'...
Package biblatex Info: ... file 'ieee.cbx' found.
 (/usr/share/texmf-dist/tex/latex/biblatex-ieee/ieee.cbx
File: ieee.cbx 2025-08-01 v1.4f biblatex citation style
Package biblatex Info: Trying to load citation style 'numeric-verb'...
Package biblatex Info: ... file 'numeric-verb.cbx' found.
 (/usr/share/texmf-dist/tex/latex/biblatex/cbx/numeric-verb.cbx
File: numeric-verb.cbx 2025/07/10 v3.21 biblatex citation style (PK/MW)
Package biblatex Info: Redefining '\cite'.
Package biblatex Info: Redefining '\parencite'.
Package biblatex Info: Redefining '\footcite'.
Package biblatex Info: Redefining '\footcitetext'.
Package biblatex Info: Redefining '\smartcite'.
Package biblatex Info: Redefining '\textcite'.
Package biblatex Info: Redefining '\supercite'.
Package biblatex Info: Redefining '\parencites'.
Package biblatex Info: Redefining '\smartcites'.
Package biblatex Info: Redefining '\textcites'.
))
Package biblatex Info: Trying to load configuration file...
Package biblatex Info: ... file 'biblatex.cfg' found.
 (/usr/share/texmf-dist/tex/latex/biblatex/biblatex.cfg
File: biblatex.cfg 
)
Package biblatex Info: Input encoding 'utf8' detected.
Package biblatex Info: Document encoding is UTF8 ....
 (/usr/share/texmf-dist/tex/latex/l3kernel/expl3.sty
Package: expl3 2026-01-19 L3 programming layer (loader) 
 (/usr/share/texmf-dist/tex/latex/l3backend/l3backend-pdftex.def
File: l3backend-pdftex.def 2025-10-09 L3 backend support: PDF output (pdfTeX)
\l__color_backend_stack_int=\count414
))
Package biblatex Info: ... and expl3
(biblatex)             2026-01-19 L3 programming layer (loader) 
(biblatex)             is new enough (at least 2020/04/06),
(biblatex)             setting 'casechanger=expl3'.
 (/usr/share/texmf-dist/tex/latex/biblatex/blx-case-expl3.sty (/usr/share/texmf-dist/tex/latex/l3packages/xparse/xparse.sty
Package: xparse 2025-10-09 L3 Experimental document command parser
)
Package: blx-case-expl3 2025/07/10 v3.21 expl3 case changing code for biblatex
)) (/usr/share/texmf-dist/tex/latex/blindtext/blindtext.sty
Package: blindtext 2012/01/06 V2.0 blindtext-Package
 (/usr/share/texmf-dist/tex/latex/tools/xspace.sty
Package: xspace 2014/10/28 v1.13 Space after command names (DPC,MH)
)
\c@blindtext=\count415
\c@Blindtext=\count416
\c@blind@countparstart=\count417
\blind@countxx=\count418
\blindtext@numBlindtext=\count419
\blind@countyy=\count420
\c@blindlist=\count421
\c@blindlistlevel=\count422
\c@blindlist@level=\count423
\blind@listitem=\count424
\c@blind@listcount=\count425
\c@blind@levelcount=\count426
\blind@mathformula=\count427
\blind@Mathformula=\count428
\c@blind@randomcount=\count429
\c@blind@randommax=\count430
\c@blind@pangramcount=\count431
\c@blind@pangrammax=\count432
) (/usr/share/texmf-dist/tex/latex/pdfpages/pdfpages.sty
Package: pdfpages 2025/07/23 v0.6g Insert pages of external PDF documents (AM)
 (/usr/share/texmf-dist/tex/latex/tools/calc.sty
Package: calc 2025/03/01 v4.3b Infix arithmetic (KKT,FJ)
\calc@Acount=\count433
\calc@Bcount=\count434
\calc@Adimen=\dimen153
\calc@Bdimen=\dimen154
\calc@Askip=\skip73
\calc@Bskip=\skip74
LaTeX Info: Redefining \setlength on input line 86.
LaTeX Info: Redefining \addtolength on input line 87.
\calc@Ccount=\count435
\calc@Cskip=\skip75
) (/usr/share/texmf-dist/tex/latex/eso-pic/eso-pic.sty
Package: eso-pic 2025/12/10 v3.0d eso-pic (RN)
\ESO@tempdima=\dimen155
\ESO@tempdimb=\dimen156
 (/usr/share/texmf-dist/tex/latex/xcolor/xcolor.sty
Package: xcolor 2024/09/29 v3.02 LaTeX color extensions (UK)
 (/usr/share/texmf-dist/tex/latex/graphics-cfg/color.cfg
File: color.cfg 2016/01/02 v1.6 sample color configuration
)
Package xcolor Info: Driver file: pdftex.def on input line 274.
 (/usr/share/texmf-dist/tex/latex/graphics/mathcolor.ltx)
Package xcolor Info: Model `cmy' substituted by `cmy0' on input line 1349.
Package xcolor Info: Model `hsb' substituted by `rgb' on input line 1353.
Package xcolor Info: Model `RGB' extended on input line 1365.
Package xcolor Info: Model `HTML' substituted by `rgb' on input line 1367.
Package xcolor Info: Model `Hsb' substituted by `hsb' on input line 1368.
Package xcolor Info: Model `tHsb' substituted by `hsb' on input line 1369.
Package xcolor Info: Model `HSB' substituted by `hsb' on input line 1370.
Package xcolor Info: Model `Gray' substituted by `gray' on input line 1371.
Package xcolor Info: Model `wave' substituted by `hsb' on input line 1372.
)) (/usr/share/texmf-dist/tex/latex/graphics/graphicx.sty
Package: graphicx 2024/12/31 v1.2e Enhanced LaTeX Graphics (DPC,SPQR)
\Gin@req@height=\dimen157
\Gin@req@width=\dimen158
)
\AM@pagewidth=\dimen159
\AM@pageheight=\dimen160
\AM@fboxrule=\dimen161
 (/usr/share/texmf-dist/tex/latex/pdfpages/pppdftex.def
File: pppdftex.def 2025/07/23 v0.6g Pdfpages driver for pdfTeX (AM)
)
\pdfpages@includegraphics@status=\count436
\AM@pagebox=\box53
\AM@global@opts=\toks22
\AM@pagecnt=\count437
\AM@toc@title=\toks23
\AM@lof@heading=\toks24
\c@AM@survey=\count438
\AM@templatesizebox=\box54
) (/usr/share/texmf-dist/tex/latex/amsmath/amsmath.sty
Package: amsmath 2025/07/09 v2.17z AMS math features
\@mathmargin=\skip76

For additional information on amsmath, use the `?' option.
(/usr/share/texmf-dist/tex/latex/amsmath/amstext.sty
Package: amstext 2024/11/17 v2.01 AMS text
 (/usr/share/texmf-dist/tex/latex/amsmath/amsgen.sty
File: amsgen.sty 1999/11/30 v2.0 generic functions
\@emptytoks=\toks25
\ex@=\dimen162
)) (/usr/share/texmf-dist/tex/latex/amsmath/amsbsy.sty
Package: amsbsy 1999/11/29 v1.2d Bold Symbols
\pmbraise@=\dimen163
) (/usr/share/texmf-dist/tex/latex/amsmath/amsopn.sty
Package: amsopn 2022/04/08 v2.04 operator names
)
\inf@bad=\count439
LaTeX Info: Redefining \frac on input line 233.
\uproot@=\count440
\leftroot@=\count441
LaTeX Info: Redefining \overline on input line 398.
LaTeX Info: Redefining \colon on input line 409.
\classnum@=\count442
\DOTSCASE@=\count443
LaTeX Info: Redefining \ldots on input line 495.
LaTeX Info: Redefining \dots on input line 498.
LaTeX Info: Redefining \cdots on input line 619.
\Mathstrutbox@=\box55
\strutbox@=\box56
LaTeX Info: Redefining \big on input line 721.
LaTeX Info: Redefining \Big on input line 722.
LaTeX Info: Redefining \bigg on input line 723.
LaTeX Info: Redefining \Bigg on input line 724.
\big@size=\dimen164
LaTeX Font Info:    Redeclaring font encoding OML on input line 742.
LaTeX Font Info:    Redeclaring font encoding OMS on input line 743.
\macc@depth=\count444
LaTeX Info: Redefining \bmod on input line 904.
LaTeX Info: Redefining \pmod on input line 909.
LaTeX Info: Redefining \smash on input line 939.
LaTeX Info: Redefining \relbar on input line 969.
LaTeX Info: Redefining \Relbar on input line 970.
\c@MaxMatrixCols=\count445
\dotsspace@=\muskip22
\c@parentequation=\count446
\dspbrk@lvl=\count447
\tag@help=\toks26
\row@=\count448
\column@=\count449
\maxfields@=\count450
\andhelp@=\toks27
\eqnshift@=\dimen165
\alignsep@=\dimen166
\tagshift@=\dimen167
\tagwidth@=\dimen168
\totwidth@=\dimen169
\lineht@=\dimen170
\@envbody=\toks28
\multlinegap=\skip77
\multlinetaggap=\skip78
\mathdisplay@stack=\toks29
LaTeX Info: Redefining \[ on input line 2950.
LaTeX Info: Redefining \] on input line 2951.
) (/usr/share/texmf-dist/tex/latex/amsfonts/amsfonts.sty
Package: amsfonts 2013/01/14 v3.01 Basic AMSFonts support
\symAMSa=\mathgroup4
\symAMSb=\mathgroup5
LaTeX Font Info:    Redeclaring math symbol \hbar on input line 98.
LaTeX Font Info:    Overwriting math alphabet `\mathfrak' in version `bold'
(Font)                  U/euf/m/n --> U/euf/b/n on input line 106.
) (/usr/share/texmf-dist/tex/latex/amscls/amsthm.sty
Package: amsthm 2020/05/29 v2.20.6
\thm@style=\toks30
\thm@bodyfont=\toks31
\thm@headfont=\toks32
\thm@notefont=\toks33
\thm@headpunct=\toks34
\thm@preskip=\skip79
\thm@postskip=\skip80
\thm@headsep=\skip81
\dth@everypar=\toks35
)
\c@theorem=\count451
\c@corollary=\count452
\c@lemma=\count453
\c@proposition=\count454
\c@definition=\count455
 (/usr/share/texmf-dist/tex/latex/float/float.sty
Package: float 2001/11/08 v1.3d Float enhancements (AL)
\c@float@type=\count456
\float@exts=\toks36
\float@box=\box57
\@float@everytoks=\toks37
\@floatcapt=\box58
) (/usr/share/texmf-dist/tex/latex/tools/array.sty
Package: array 2025/09/25 v2.6n Tabular extension package (FMi)
\col@sep=\dimen171
\ar@mcellbox=\box59
\extrarowheight=\dimen172
\NC@list=\toks38
\extratabsurround=\skip82
\backup@length=\skip83
\ar@cellbox=\box60
) (/usr/share/texmf-dist/tex/latex/multirow/multirow.sty
Package: multirow 2024/11/12 v2.9 Span multiple rows of a table
\multirow@colwidth=\skip84
\multirow@cntb=\count457
\multirow@dima=\skip85
\bigstrutjot=\dimen173
) (/usr/share/texmf-dist/tex/latex/caption/caption.sty
Package: caption 2023/08/05 v3.6o Customizing captions (AR)
 (/usr/share/texmf-dist/tex/latex/caption/caption3.sty
Package: caption3 2023/07/31 v2.4d caption3 kernel (AR)
\caption@tempdima=\dimen174
\captionmargin=\dimen175
\caption@leftmargin=\dimen176
\caption@rightmargin=\dimen177
\caption@width=\dimen178
\caption@indent=\dimen179
\caption@parindent=\dimen180
\caption@hangindent=\dimen181
Package caption Info: Standard document class detected.
)
\c@caption@flags=\count458
\c@continuedfloat=\count459
Package caption Info: float package is loaded.
) (/usr/share/texmf-dist/tex/latex/caption/subcaption.sty
Package: subcaption 2023/07/28 v1.6b Sub-captions (AR)
Package caption Info: New subtype `subfigure' on input line 238.
\c@subfigure=\count460
Package caption Info: New subtype `subtable' on input line 238.
\c@subtable=\count461
) (/usr/share/texmf-dist/tex/latex/hyperref/hyperref.sty
Package: hyperref 2026-01-29 v7.01p Hypertext links for LaTeX
 (/usr/share/texmf-dist/tex/generic/kvdefinekeys/kvdefinekeys.sty
Package: kvdefinekeys 2019-12-19 v1.6 Define keys (HO)
) (/usr/share/texmf-dist/tex/generic/pdfescape/pdfescape.sty
Package: pdfescape 2019/12/09 v1.15 Implements pdfTeX's escape features (HO)
) (/usr/share/texmf-dist/tex/latex/hycolor/hycolor.sty
Package: hycolor 2020-01-27 v1.10 Color options for hyperref/bookmark (HO)
) (/usr/share/texmf-dist/tex/latex/hyperref/nameref.sty
Package: nameref 2026-01-29 v2.58 Cross-referencing by name of section
 (/usr/share/texmf-dist/tex/latex/refcount/refcount.sty
Package: refcount 2019/12/15 v3.6 Data extraction from label references (HO)
) (/usr/share/texmf-dist/tex/generic/gettitlestring/gettitlestring.sty
Package: gettitlestring 2019/12/15 v1.6 Cleanup title references (HO)
)
\c@section@level=\count462
) (/usr/share/texmf-dist/tex/generic/stringenc/stringenc.sty
Package: stringenc 2019/11/29 v1.12 Convert strings between diff. encodings (HO)
)
\@linkdim=\dimen182
\Hy@linkcounter=\count463
\Hy@pagecounter=\count464
 (/usr/share/texmf-dist/tex/latex/hyperref/pd1enc.def
File: pd1enc.def 2026-01-29 v7.01p Hyperref: PDFDocEncoding definition (HO)
Now handling font encoding PD1 ...
... no UTF-8 mapping file for font encoding PD1
) (/usr/share/texmf-dist/tex/generic/intcalc/intcalc.sty
Package: intcalc 2019/12/15 v1.3 Expandable calculations with integers (HO)
)
\Hy@SavedSpaceFactor=\count465
 (/usr/share/texmf-dist/tex/latex/hyperref/puenc.def
File: puenc.def 2026-01-29 v7.01p Hyperref: PDF Unicode definition (HO)
Now handling font encoding PU ...
... no UTF-8 mapping file for font encoding PU
 (/usr/share/texmf-dist/tex/latex/greek-fontenc/puenc-greek.def
File: puenc-greek.def 2023-09-12 2.5 Greek LICRs for PDF strings
 (/usr/share/texmf-dist/tex/latex/greek-fontenc/greek-fontenc.def
File: greek-fontenc.def 2023-09-12 2.5 Common Greek font encoding definitions
)
LaTeX Encoding Info:    Redeclaring text command \textmu (encoding PU) on input line 179.
)
LaTeX Encoding Info:    Redeclaring text command \textohm (encoding PU) on input line 1176.
)
Package hyperref Info: Option `final' set `true' on input line 4072.
Package hyperref Info: Hyper figures OFF on input line 4201.
Package hyperref Info: Link nesting OFF on input line 4206.
Package hyperref Info: Hyper index ON on input line 4209.
Package hyperref Info: Plain pages OFF on input line 4216.
Package hyperref Info: Backreferencing OFF on input line 4221.
Package hyperref Info: Implicit mode ON; LaTeX internals redefined.
Package hyperref Info: Bookmarks ON on input line 4468.
\c@Hy@tempcnt=\count466
LaTeX Info: Redefining \url on input line 4807.
\XeTeXLinkMargin=\dimen183
 (/usr/share/texmf-dist/tex/generic/bitset/bitset.sty
Package: bitset 2019/12/09 v1.3 Handle bit-vector datatype (HO)
 (/usr/share/texmf-dist/tex/generic/bigintcalc/bigintcalc.sty
Package: bigintcalc 2019/12/15 v1.5 Expandable calculations on big integers (HO)
))
\Fld@menulength=\count467
\Field@Width=\dimen184
\Fld@charsize=\dimen185
Package hyperref Info: Hyper figures OFF on input line 6084.
Package hyperref Info: Link nesting OFF on input line 6089.
Package hyperref Info: Hyper index ON on input line 6092.
Package hyperref Info: backreferencing OFF on input line 6099.
Package hyperref Info: Link coloring OFF on input line 6104.
Package hyperref Info: Link coloring with OCG OFF on input line 6109.
Package hyperref Info: PDF/A mode OFF on input line 6114.
\Hy@abspage=\count468
\c@Item=\count469
\c@Hfootnote=\count470
)
Package hyperref Info: Driver (autodetected): hpdftex.
 (/usr/share/texmf-dist/tex/latex/hyperref/hpdftex.def
File: hpdftex.def 2026-01-29 v7.01p Hyperref driver for pdfTeX
\Fld@listcount=\count471
\c@bookmark@seq@number=\count472
 (/usr/share/texmf-dist/tex/latex/rerunfilecheck/rerunfilecheck.sty
Package: rerunfilecheck 2025-06-21 v1.11 Rerun checks for auxiliary files (HO)
 (/usr/share/texmf-dist/tex/generic/uniquecounter/uniquecounter.sty
Package: uniquecounter 2019/12/15 v1.4 Provide unlimited unique counter (HO)
)
Package uniquecounter Info: New unique counter `rerunfilecheck' on input line 284.
)
\Hy@SectionHShift=\skip86
)
Package hyperref Info: Option `colorlinks' set `true' on input line 55.
 (/usr/share/texmf-dist/tex/latex/paralist/paralist.sty
Package: paralist 2017/01/22 v2.7 Extended list environments
\pltopsep=\skip87
\plpartopsep=\skip88
\plitemsep=\skip89
\plparsep=\skip90
\pl@lab=\toks39
) (/usr/share/texmf-dist/tex/latex/listings/listings.sty
\lst@mode=\count473
\lst@gtempboxa=\box61
\lst@token=\toks40
\lst@length=\count474
\lst@currlwidth=\dimen186
\lst@column=\count475
\lst@pos=\count476
\lst@lostspace=\dimen187
\lst@width=\dimen188
\lst@newlines=\count477
\lst@lineno=\count478
\lst@maxwidth=\dimen189
 (/usr/share/texmf-dist/tex/latex/listings/lstpatch.sty
File: lstpatch.sty 2025/11/14 1.11b (Carsten Heinz)
) (/usr/share/texmf-dist/tex/latex/listings/lstmisc.sty
File: lstmisc.sty 2025/11/14 1.11b (Carsten Heinz)
\c@lstnumber=\count479
\lst@skipnumbers=\count480
\lst@framebox=\box62
) (/usr/share/texmf-dist/tex/latex/listings/listings.cfg
File: listings.cfg 2025/11/14 1.11b listings configuration
))
Package: listings 2025/11/14 1.11b (Carsten Heinz)

==> First Aid for listings.sty no longer applied!
    Expected:
        2024/09/23 1.10c (Carsten Heinz)
    but found:
        2025/11/14 1.11b (Carsten Heinz)
    so I'm assuming it got fixed.
(/usr/share/texmf-dist/tex/latex/zed-csp/zed-csp.sty
Package: zed-csp 95/01/11 0c zed-csp package
\c@mv@zed=\count481
LaTeX Font Info:    Overwriting math alphabet `\mathrm' in version `zed'
(Font)                  OT1/cmr/m/n --> T2A/Tempora-TLF/m/n on input line 86.
LaTeX Font Info:    Overwriting math alphabet `\mathbf' in version `zed'
(Font)                  OT1/cmr/bx/n --> T2A/Tempora-TLF/bx/n on input line 86.
LaTeX Font Info:    Overwriting math alphabet `\mathsf' in version `zed'
(Font)                  OT1/cmss/m/n --> T2A/cmss/m/n on input line 86.
\symitalics=\mathgroup6
LaTeX Font Info:    Redeclaring math alphabet \mathrm on input line 86.
LaTeX Font Info:    Redeclaring math alphabet \mathit on input line 86.
\symlasy=\mathgroup7
LaTeX Font Info:    Redeclaring symbol font `AMSa' on input line 86.
LaTeX Font Info:    Overwriting symbol font `AMSa' in version `normal'
(Font)                  U/msa/m/n --> U/msa/m/n on input line 86.
LaTeX Font Info:    Overwriting symbol font `AMSa' in version `bold'
(Font)                  U/msa/m/n --> U/msa/m/n on input line 86.
LaTeX Font Info:    Overwriting symbol font `AMSa' in version `zed'
(Font)                  U/msa/m/n --> U/msa/m/n on input line 86.
LaTeX Font Info:    Redeclaring symbol font `AMSb' on input line 86.
LaTeX Font Info:    Overwriting symbol font `AMSb' in version `normal'
(Font)                  U/msb/m/n --> U/msb/m/n on input line 86.
LaTeX Font Info:    Overwriting symbol font `AMSb' in version `bold'
(Font)                  U/msb/m/n --> U/msb/m/n on input line 86.
LaTeX Font Info:    Overwriting symbol font `AMSb' in version `zed'
(Font)                  U/msb/m/n --> U/msb/m/n on input line 86.
LaTeX Font Info:    Redeclaring math symbol \square on input line 308.
LaTeX Font Info:    Redeclaring math symbol \lozenge on input line 308.
LaTeX Font Info:    Redeclaring math symbol \rightsquigarrow on input line 308.
LaTeX Font Info:    Redeclaring math symbol \sqsubset on input line 308.
LaTeX Font Info:    Redeclaring math symbol \sqsupset on input line 308.
LaTeX Font Info:    Redeclaring math symbol \vartriangleright on input line 308.
LaTeX Font Info:    Redeclaring math symbol \vartriangleleft on input line 308.
LaTeX Font Info:    Redeclaring math symbol \trianglerighteq on input line 308.
LaTeX Font Info:    Redeclaring math symbol \trianglelefteq on input line 308.
LaTeX Font Info:    Redeclaring math delimiter \ulcorner on input line 308.
LaTeX Font Info:    Redeclaring math delimiter \urcorner on input line 308.
LaTeX Font Info:    Redeclaring math delimiter \llcorner on input line 308.
LaTeX Font Info:    Redeclaring math delimiter \lrcorner on input line 308.
LaTeX Font Info:    Redeclaring math symbol \mho on input line 308.
LaTeX Font Info:    Redeclaring math symbol \hbar on input line 308.
\zedindent=\dimen190
\zedleftsep=\dimen191
\zedtab=\dimen192
\zedbar=\dimen193
\zedskip=\skip91
\interzedlinepenalty=\count482
\preboxpenalty=\count483
) (/usr/share/texmf-dist/tex/latex/fancyhdr/fancyhdr.sty
Package: fancyhdr 2025/02/07 v5.2 Extensive control of page headers and footers
\f@nch@headwidth=\skip92
\f@nch@offset@elh=\skip93
\f@nch@offset@erh=\skip94
\f@nch@offset@olh=\skip95
\f@nch@offset@orh=\skip96
\f@nch@offset@elf=\skip97
\f@nch@offset@erf=\skip98
\f@nch@offset@olf=\skip99
\f@nch@offset@orf=\skip100
\f@nch@height=\skip101
\f@nch@footalignment=\skip102
\f@nch@widthL=\skip103
\f@nch@widthC=\skip104
\f@nch@widthR=\skip105
\@temptokenb=\toks41
) (/usr/share/texmf-dist/tex/latex/csquotes/csquotes.sty
Package: csquotes 2024-04-04 v5.2o context-sensitive quotations (JAW)
\csq@reset=\count484
\csq@gtype=\count485
\csq@glevel=\count486
\csq@qlevel=\count487
\csq@maxlvl=\count488
\csq@tshold=\count489
\csq@ltx@everypar=\toks42
 (/usr/share/texmf-dist/tex/latex/csquotes/csquotes.def
File: csquotes.def 2024-04-04 v5.2o csquotes generic definitions (JAW)
)
Package csquotes Info: Trying to load configuration file 'csquotes.cfg'...
Package csquotes Info: ... configuration file loaded successfully.
 (/usr/share/texmf-dist/tex/latex/csquotes/csquotes.cfg
File: csquotes.cfg 
)) (/usr/share/texmf-dist/tex/latex/chngcntr/chngcntr.sty
Package: chngcntr 2018/04/09 v1.1a change counter resetting
Package chngcntr Info: \counterwithout already defined.
(chngcntr)             Quitting chngcntr on input line 21.
) (/usr/share/texmf-dist/tex/latex/was/upgreek.sty
Package: upgreek 2003/02/12 v2.0 (WaS)
Package upgreek Info: Using Euler Roman for upright Greek on input line 31.
\symugrf@m=\mathgroup8
LaTeX Font Info:    Overwriting symbol font `ugrf@m' in version `bold'
(Font)                  U/eur/m/n --> U/eur/b/n on input line 38.
) (/usr/share/texmf-dist/tex/latex/tools/bm.sty
Package: bm 2025/10/21 v1.2g Bold Symbol Support (DPC/FMi)
\symboldoperators=\mathgroup9
\symboldletters=\mathgroup10
\symboldsymbols=\mathgroup11
Package bm Info: No bold for \OMX/cmex/m/n, using \pmb.
Package bm Info: No bold for \U/msa/m/n, using \pmb.
Package bm Info: No bold for \U/msb/m/n, using \pmb.
Package bm Info: No bold for \T2A/Tempora-TLF/m/it, using \pmb.
Package bm Info: No bold for \U/lasy/m/n, using \pmb.
\symboldugrf@m=\mathgroup12
LaTeX Font Info:    Redeclaring math alphabet \mathbf on input line 149.
) (/usr/share/texmf-dist/tex/latex/booktabs/booktabs.sty
Package: booktabs 2020/01/12 v1.61803398 Publication quality tables
\heavyrulewidth=\dimen194
\lightrulewidth=\dimen195
\cmidrulewidth=\dimen196
\belowrulesep=\dimen197
\belowbottomsep=\dimen198
\aboverulesep=\dimen199
\abovetopsep=\dimen256
\cmidrulesep=\dimen257
\cmidrulekern=\dimen258
\defaultaddspace=\dimen259
\@cmidla=\count490
\@cmidlb=\count491
\@aboverulesep=\dimen260
\@belowrulesep=\dimen261
\@thisruleclass=\count492
\@lastruleclass=\count493
\@thisrulewidth=\dimen262
) (/usr/share/texmf-dist/tex/latex/tools/longtable.sty
Package: longtable 2025-10-13 v4.24 Multi-page Table package (DPC)
\LTleft=\skip106
\LTright=\skip107
\LTpre=\skip108
\LTpost=\skip109
\LTchunksize=\count494
\LTcapwidth=\dimen263
\LT@head=\box63
\LT@firsthead=\box64
\LT@foot=\box65
\LT@lastfoot=\box66
\LT@gbox=\box67
\LT@cols=\count495
\LT@rows=\count496
\c@LT@tables=\count497
\c@LT@chunks=\count498
\LT@p@ftn=\toks43
) (/usr/share/texmf-dist/tex/latex/enumitem/enumitem.sty
Package: enumitem 2025/02/06 v3.11 Customized lists
\enitkv@toks@=\toks44
\labelindent=\skip110
\enit@outerparindent=\dimen264
\enit@toks=\toks45
\enit@inbox=\box68
\enit@count@id=\count499
\enitdp@description=\count500
)
\c@inlinelisti=\count501
\enitdp@inlinelist=\count502
 (/usr/share/texmf-dist/tex/latex/placeins/placeins.sty
Package: placeins 2005/04/18  v 2.2
)
Package csquotes Info: Checking for multilingual support...
Package csquotes Info: ... found 'babel' package.
Package csquotes Info: Adjusting default style.
Package csquotes Info: Redefining alias 'default' -> 'english'.
 (./thesis.aux (./chapters/abstract.aux) (./chapters/chapter1.aux) (./chapters/chapter2.aux) (./chapters/chapter3.aux) (./chapters/chapter4.aux) (./chapters/chapter5.aux) (./chapters/chapter6.aux) (./chapters/appex.aux))
\openout1 = `thesis.aux'.

LaTeX Font Info:    Checking defaults for OML/cmm/m/it on input line 125.
LaTeX Font Info:    ... okay on input line 125.
LaTeX Font Info:    Checking defaults for OMS/cmsy/m/n on input line 125.
LaTeX Font Info:    ... okay on input line 125.
LaTeX Font Info:    Checking defaults for OT1/cmr/m/n on input line 125.
LaTeX Font Info:    ... okay on input line 125.
LaTeX Font Info:    Checking defaults for T1/cmr/m/n on input line 125.
LaTeX Font Info:    ... okay on input line 125.
LaTeX Font Info:    Checking defaults for TS1/cmr/m/n on input line 125.
LaTeX Font Info:    ... okay on input line 125.
LaTeX Font Info:    Checking defaults for OMX/cmex/m/n on input line 125.
LaTeX Font Info:    ... okay on input line 125.
LaTeX Font Info:    Checking defaults for U/cmr/m/n on input line 125.
LaTeX Font Info:    ... okay on input line 125.
LaTeX Font Info:    Checking defaults for OT2/cmr/m/n on input line 125.
LaTeX Font Info:    Trying to load font information for OT2+cmr on input line 125.
 (/usr/share/texmf-dist/tex/latex/cyrillic/ot2cmr.fd
File: ot2cmr.fd 2001/08/11 v3.2c Computer Modern Cyrillic font definitions
)
LaTeX Font Info:    ... okay on input line 125.
LaTeX Font Info:    Checking defaults for T2C/cmr/m/n on input line 125.
LaTeX Font Info:    Trying to load font information for T2C+cmr on input line 125.
 (/usr/share/texmf-dist/tex/latex/cyrillic/t2ccmr.fd
File: t2ccmr.fd 2001/08/11 v1.0a Computer Modern Cyrillic font definitions
)
LaTeX Font Info:    ... okay on input line 125.
LaTeX Font Info:    Checking defaults for T2B/cmr/m/n on input line 125.
LaTeX Font Info:    Trying to load font information for T2B+cmr on input line 125.
 (/usr/share/texmf-dist/tex/latex/cyrillic/t2bcmr.fd
File: t2bcmr.fd 2001/08/11 v1.0a Computer Modern Cyrillic font definitions
)
LaTeX Font Info:    ... okay on input line 125.
LaTeX Font Info:    Checking defaults for T2A/cmr/m/n on input line 125.
LaTeX Font Info:    Trying to load font information for T2A+cmr on input line 125.
 (/usr/share/texmf-dist/tex/latex/cyrillic/t2acmr.fd
File: t2acmr.fd 2001/08/11 v1.0a Computer Modern Cyrillic font definitions
)
LaTeX Font Info:    ... okay on input line 125.
LaTeX Font Info:    Checking defaults for LGR/cmr/m/n on input line 125.
LaTeX Font Info:    Trying to load font information for LGR+cmr on input line 125.
 (/usr/share/texmf-dist/tex/latex/cbfonts-fd/lgrcmr.fd
File: lgrcmr.fd 2017/07/29 v1.2 Greek European Computer Regular
)
LaTeX Font Info:    ... okay on input line 125.
LaTeX Font Info:    Checking defaults for PD1/pdf/m/n on input line 125.
LaTeX Font Info:    ... okay on input line 125.
LaTeX Font Info:    Checking defaults for PU/pdf/m/n on input line 125.
LaTeX Font Info:    ... okay on input line 125.
\c@mv@tabular=\count503
\c@mv@boldtabular=\count504
 (/usr/share/texmf-dist/tex/context/base/mkii/supp-pdf.mkii
[Loading MPS to PDF converter (version 2006.09.02).]
\scratchcounter=\count505
\scratchdimen=\dimen265
\scratchbox=\box69
\nofMPsegments=\count506
\nofMParguments=\count507
\everyMPshowfont=\toks46
\MPscratchCnt=\count508
\MPscratchDim=\dimen266
\MPnumerator=\count509
\makeMPintoPDFobject=\count510
\everyMPtoPDFconversion=\toks47
) (/usr/share/texmf-dist/tex/latex/epstopdf-pkg/epstopdf-base.sty
Package: epstopdf-base 2020-01-24 v2.11 Base part for package epstopdf
Package epstopdf-base Info: Redefining graphics rule for `.eps' on input line 485.
 (/usr/share/texmf-dist/tex/latex/latexconfig/epstopdf-sys.cfg
File: epstopdf-sys.cfg 2010/07/13 v1.3 Configuration of (r)epstopdf for TeX Live
))
Package biblatex Info: Trying to load language 'english'...
Package biblatex Info: ... file 'english.lbx' found.
 (/usr/share/texmf-dist/tex/latex/biblatex/lbx/english.lbx
File: english.lbx 2025/07/10 v3.21 biblatex localization (PK/MW)
)
Package biblatex Info: Input encoding 'utf8' detected.
Package biblatex Info: Automatic encoding selection.
(biblatex)             Assuming data encoding 'utf8'.
\openout3 = `thesis.bcf'.

Package biblatex Info: Trying to load bibliographic data...
Package biblatex Info: ... file 'thesis.bbl' found.
 (./thesis.bbl)
Package biblatex Info: Reference section=0 on input line 125.
Package biblatex Info: Reference segment=0 on input line 125.
Package caption Info: Begin \AtBeginDocument code.
Package caption Info: hyperref package is loaded.
Package caption Info: listings package is loaded.
Package caption Info: longtable package is loaded.
 (/usr/share/texmf-dist/tex/latex/caption/ltcaption.sty
Package: ltcaption 2021/01/08 v1.4c longtable captions (AR)
)
Package caption Info: End \AtBeginDocument code.
Package hyperref Info: Link coloring ON on input line 125.
 (./thesis.out) (./thesis.out)
\@outlinefile=\write4
\openout4 = `thesis.out'.

\c@lstlisting=\count511
<title.pdf, id=172, 598.235pt x 845.1575pt>
File: title.pdf Graphic file (type pdf)
<use title.pdf>
Package pdftex.def Info: title.pdf  used on input line 127.
(pdftex.def)             Requested size: 598.23354pt x 845.15544pt.
<title.pdf, id=174, page=1, 598.235pt x 845.1575pt>
File: title.pdf Graphic file (type pdf)
<use title.pdf, page 1>
Package pdftex.def Info: title.pdf , page1 used on input line 127.
(pdftex.def)             Requested size: 598.23354pt x 845.15544pt.
File: title.pdf Graphic file (type pdf)
<use title.pdf, page 1>
Package pdftex.def Info: title.pdf , page1 used on input line 127.
(pdftex.def)             Requested size: 598.34306pt x 845.31018pt.
File: title.pdf Graphic file (type pdf)
<use title.pdf, page 1>
Package pdftex.def Info: title.pdf , page1 used on input line 127.
(pdftex.def)             Requested size: 598.34306pt x 845.31018pt.
File: title.pdf Graphic file (type pdf)
<use title.pdf, page 1>
Package pdftex.def Info: title.pdf , page1 used on input line 127.
(pdftex.def)             Requested size: 598.34306pt x 845.31018pt.
File: title.pdf Graphic file (type pdf)
<use title.pdf, page 1>
Package pdftex.def Info: title.pdf , page1 used on input line 127.
(pdftex.def)             Requested size: 598.34306pt x 845.31018pt.
 [1


 <./title.pdf>]
LaTeX Font Info:    Font shape `T2A/Tempora-TLF/m/n' will be
(Font)              scaled to size 35.83pt on input line 128.
LaTeX Font Info:    Font shape `T2A/Tempora-TLF/b/n' will be
(Font)              scaled to size 35.83pt on input line 128.
 (./thesis.toc
LaTeX Font Info:    Font shape `T2A/Tempora-TLF/b/n' will be
(Font)              scaled to size 14.4pt on input line 2.
LaTeX Font Info:    Trying to load font information for U+msa on input line 3.
 (/usr/share/texmf-dist/tex/latex/amsfonts/umsa.fd
File: umsa.fd 2013/01/14 v3.01 AMS symbols A
)
LaTeX Font Info:    Trying to load font information for U+msb on input line 3.
 (/usr/share/texmf-dist/tex/latex/amsfonts/umsb.fd
File: umsb.fd 2013/01/14 v3.01 AMS symbols B
)
LaTeX Font Info:    Font shape `T2A/Tempora-TLF/m/it' will be
(Font)              scaled to size 14.4pt on input line 3.
LaTeX Font Info:    Font shape `T2A/Tempora-TLF/m/it' will be
(Font)              scaled to size 10.0pt on input line 3.
LaTeX Font Info:    Font shape `T2A/Tempora-TLF/m/it' will be
(Font)              scaled to size 7.0pt on input line 3.
LaTeX Font Info:    Trying to load font information for U+lasy on input line 3.
 (/usr/share/texmf-dist/tex/latex/base/ulasy.fd
File: ulasy.fd 1998/08/17 v2.2e LaTeX symbol font definitions
) [2

{/var/lib/texmf/fonts/map/pdftex/updmap/pdftex.map}{/usr/share/texmf-dist/fonts/enc/dvips/tempora/t2a-tempora.enc}] [3])
\tf@toc=\write5
\openout5 = `thesis.toc'.

 [4] (./thesis.lot)
\tf@lot=\write6
\openout6 = `thesis.lot'.

 [5

] (./thesis.lof)
\tf@lof=\write7
\openout7 = `thesis.lof'.

 [6

]
\openout2 = `chapters/abstract.aux'.

 (./chapters/abstract.tex
pdfTeX warning (ext4): destination with the same identifier (name{page.1}) has been already used, duplicate ignored
<to be read again> 
                   \relax 
l.5 \end{abstract}
                   [1

])
\openout2 = `chapters/chapter1.aux'.

 (./chapters/chapter1.tex
Chapter 1.
LaTeX Font Info:    Font shape `T2A/Tempora-TLF/m/n' will be
(Font)              scaled to size 29.86pt on input line 2.
LaTeX Font Info:    Font shape `T2A/Tempora-TLF/b/n' will be
(Font)              scaled to size 29.86pt on input line 2.
LaTeX Font Info:    Font shape `T2A/Tempora-TLF/m/n' will be
(Font)              scaled to size 20.74pt on input line 5.
LaTeX Font Info:    Font shape `T2A/Tempora-TLF/b/n' will be
(Font)              scaled to size 20.74pt on input line 5.
LaTeX Font Info:    Trying to load font information for TS1+Tempora-TLF on input line 9.
(/usr/share/texmf-dist/tex/latex/tempora/TS1Tempora-TLF.fd
File: TS1Tempora-TLF.fd 2016/02/02 (autoinst) Font definitions for TS1/Tempora-TLF.
)
LaTeX Font Info:    Font shape `TS1/Tempora-TLF/m/n' will be
(Font)              scaled to size 14.4pt on input line 9.
 [7




{/usr/share/texmf-dist/fonts/enc/dvips/tempora/tmp_ac5xuc.enc}] [8] [9] [10]) [11]
\openout2 = `chapters/chapter2.aux'.

 (./chapters/chapter2.tex
Chapter 2.
LaTeX Font Info:    Font shape `T2A/Tempora-TLF/m/n' will be
(Font)              scaled to size 17.28pt on input line 15.
LaTeX Font Info:    Font shape `T2A/Tempora-TLF/b/n' will be
(Font)              scaled to size 17.28pt on input line 15.
[12




] [13] [14] [15] [16] [17] [18] [19] [20] [21]) [22]
\openout2 = `chapters/chapter3.aux'.

 (./chapters/chapter3.tex
Chapter 3.
[23




]
<use_cases.pdf, id=440, 2420.13242pt x 3400.47269pt>
File: use_cases.pdf Graphic file (type pdf)
<use use_cases.pdf>
Package pdftex.def Info: use_cases.pdf  used on input line 15.
(pdftex.def)             Requested size: 464.40904pt x 652.53052pt.
 [24]
Overfull \vbox (24.26334pt too high) has occurred while \output is active []

 [25 <./use_cases.pdf>] [26]
<use_cases_supported.pdf, id=983, 2420.13242pt x 3400.47269pt>
File: use_cases_supported.pdf Graphic file (type pdf)
<use use_cases_supported.pdf>
Package pdftex.def Info: use_cases_supported.pdf  used on input line 30.
(pdftex.def)             Requested size: 464.40904pt x 652.53052pt.
 [27]
Overfull \vbox (24.26334pt too high) has occurred while \output is active []

 [28 <./use_cases_supported.pdf>]) [29] [30]
\openout2 = `chapters/chapter4.aux'.

 (./chapters/chapter4.tex
Chapter 4.
[31




] [32] [33] [34]
LaTeX Font Info:    Font shape `T2A/Tempora-TLF/m/n' will be
(Font)              scaled to size 10.0pt on input line 37.
LaTeX Font Info:    Font shape `T2A/Tempora-TLF/m/it' will be
(Font)              scaled to size 5.0pt on input line 37.
LaTeX Font Info:    Font shape `T2A/Tempora-TLF/m/n' will be
(Font)              scaled to size 7.0pt on input line 37.
LaTeX Font Info:    Trying to load font information for T2A+pcr on input line 37.
LaTeX Font Info:    No file T2Apcr.fd. on input line 37.


LaTeX Font Warning: Font shape `T2A/pcr/m/n' undefined
(Font)              using `T2A/cmr/m/n' instead on input line 37.


Underfull \hbox (badness 10000) in paragraph at lines 37--37
[][][]\T2A/Tempora-TLF/m/n/10 Genode Users Mail-ing List, 2022: [][]$\T2A/pcr/m/n/10 https : / / www . mail-[]archive . com / users @ lists . genode . org /
 []


Underfull \hbox (badness 10000) in paragraph at lines 37--37
\T2A/pcr/m/n/10 msg02999 . html$[][]\T2A/Tempora-TLF/m/n/10 ; [][]$\T2A/pcr/m/n/10 https : / / lists . genode . org / mailman3 / hyperkitty / list / users @ lists . genode . org / thread /
 []

) [35] [36{/usr/share/texmf-dist/fonts/enc/dvips/cm-super/cm-super-t2a.enc}]
\openout2 = `chapters/chapter5.aux'.

 (./chapters/chapter5.tex
Chapter 5.

Underfull \hbox (badness 5388) in paragraph at lines 18--18
[]|\T2A/Tempora-TLF/m/n/14.4 General-purpose se-cure
 []


Underfull \hbox (badness 6510) in paragraph at lines 20--20
[]|\T2A/Tempora-TLF/m/n/14.4 GUI via ui[]config /
 []


Underfull \hbox (badness 10000) in paragraph at lines 26--27
[]|\T2A/Tempora-TLF/m/n/14.4 Yes (con-fig-urable via
 []


Underfull \hbox (badness 3439) in paragraph at lines 34--34
[]|\T2A/Tempora-TLF/m/n/14.4 Pre-allocated via trun-
 []

[37




] [38] [39]) [40]
\openout2 = `chapters/chapter6.aux'.

 (./chapters/chapter6.tex
Chapter 6.
) [41




]

Package biblatex Warning: No driver for 'documentation'.
(biblatex)                Using fallback driver on input line 155.


Overfull \hbox (25.56607pt too wide) in paragraph at lines 155--155
[]\T2A/Tempora-TLF/m/n/14.4 D. Zaval-ishin, \T2A/Tempora-TLF/m/it/14.4 Phan-tom os doc-u-men-ta-tion\T2A/Tempora-TLF/m/n/14.4 , Avail-able: [][]$\T2A/pcr/m/n/14.4 https : / / app . readthedocs .
 []


Package biblatex Warning: No driver for 'documentation'.
(biblatex)                Using fallback driver on input line 155.

[42



]

Package biblatex Warning: No driver for 'github'.
(biblatex)                Using fallback driver on input line 155.


Overfull \hbox (0.17278pt too wide) in paragraph at lines 155--155
[]\T2A/Tempora-TLF/m/n/14.4 R. Mi-tov, \T2A/Tempora-TLF/m/it/14.4 Phantomuserland-snapper\T2A/Tempora-TLF/m/n/14.4 , Avail-able: [][]$\T2A/pcr/m/n/14.4 github . com / rumenmitov /
 []


Package biblatex Warning: No driver for 'github'.
(biblatex)                Using fallback driver on input line 155.


Overfull \hbox (40.97963pt too wide) in paragraph at lines 155--155
[]\T2A/Tempora-TLF/m/n/14.4 Д. Завалишин, \T2A/Tempora-TLF/m/it/14.4 Персистентная оперативная память\T2A/Tempora-TLF/m/n/14.4 , Хабр, Дата обращения:
 []


Package biblatex Warning: No driver for 'documentation'.
(biblatex)                Using fallback driver on input line 155.


Overfull \hbox (24.55547pt too wide) in paragraph at lines 155--155
[]\T2A/Tempora-TLF/m/n/14.4 D. Zaval-ishin, \T2A/Tempora-TLF/m/it/14.4 Per-sis-tent-mem-ory\T2A/Tempora-TLF/m/n/14.4 , "Avail-able: [][]$\T2A/pcr/m/n/14.4 https : / / github . com / dzavalishin /
 []

[43]
Overfull \hbox (9.01021pt too wide) in paragraph at lines 155--155
[]\T2A/Tempora-TLF/m/n/14.4 Д. Завалишин, \T2A/Tempora-TLF/m/it/14.4 Сборка мусора в персистентной модели: От терабайта
 []


Overfull \hbox (10.67485pt too wide) in paragraph at lines 155--155
[]\T2A/Tempora-TLF/m/n/14.4 Д. Завалишин, \T2A/Tempora-TLF/m/it/14.4 Фантом: Большая сборка мусора\T2A/Tempora-TLF/m/n/14.4 , Хабр, Дата обращения:
 []


Package biblatex Warning: No driver for 'github'.
(biblatex)                Using fallback driver on input line 155.


Overfull \hbox (24.22165pt too wide) in paragraph at lines 155--155
[]\T2A/Tempora-TLF/m/n/14.4 A. An-ton, \T2A/Tempora-TLF/m/it/14.4 Isomem\T2A/Tempora-TLF/m/n/14.4 , "Avail-able: [][]$\T2A/pcr/m/n/14.4 https : / / github . com / S7rizh / phantomuserland /
 []

[44]

Package biblatex Warning: No driver for 'github'.
(biblatex)                Using fallback driver on input line 155.


Package biblatex Warning: No driver for 'github'.
(biblatex)                Using fallback driver on input line 155.


Overfull \hbox (0.9973pt too wide) in paragraph at lines 155--155
[]\T2A/Tempora-TLF/m/n/14.4 M. Stein, \T2A/Tempora-TLF/m/it/14.4 File vault (readme)\T2A/Tempora-TLF/m/n/14.4 , "Avail-able: [][]$\T2A/pcr/m/n/14.4 https : / / github . com / genodelabs /
 []

[45] [46]
\openout2 = `chapters/appex.aux'.

 (./chapters/appex.tex
Appendix A.
[47


] [48]) [49] (./thesis.aux (./chapters/abstract.aux) (./chapters/chapter1.aux) (./chapters/chapter2.aux) (./chapters/chapter3.aux) (./chapters/chapter4.aux) (./chapters/chapter5.aux) (./chapters/chapter6.aux) (./chapters/appex.aux))
 ***********
LaTeX2e <2025-11-01>
L3 programming layer <2026-01-19>
 ***********


LaTeX Font Warning: Some font shapes were not available, defaults substituted.

Package rerunfilecheck Info: File `thesis.out' has not changed.
(rerunfilecheck)             Checksum: 4D7A29DA4816F34C2F344A7C75FC40A9;6300.
Package logreq Info: Writing requests to 'thesis.run.xml'.
\openout1 = `thesis.run.xml'.

 ) 
Here is how much of TeX's memory you used:
 30003 strings out of 468907
 513175 string characters out of 5460991
 1430887 words of memory out of 5000000
 57963 multiletter control sequences out of 15000+600000
 674006 words of font info for 99 fonts, out of 8000000 for 9000
 475 hyphenation exceptions out of 8191
 87i,17n,117p,2339b,2402s stack positions out of 10000i,1000n,20000p,200000b,200000s
</usr/share/texmf-dist/fonts/type1/public/tempora/Tempora-Bold.pfb></usr/share/texmf-dist/fonts/type1/public/tempora/Tempora-Italic.pfb></usr/share/texmf-dist/fonts/type1/public/tempora/Tempora-Regular.pfb></usr/share/texmf-dist/fonts/type1/public/amsfonts/cm/cmsy10.pfb></usr/share/texmf-dist/fonts/type1/public/cm-super/sfrm1000.pfb></usr/share/texmf-dist/fonts/type1/public/cm-super/sfrm1440.pfb>
Output written on thesis.pdf (50 pages, 1544607 bytes).
PDF statistics:
 1823 PDF objects out of 2073 (max. 8388607)
 1210 compressed objects within 13 object streams
 215 named destinations out of 1000 (max. 500000)
 362 words of extra memory for PDF output out of 10000 (max. 10000000)

